[{"model": "behance.behanceproject", "pk": 1, "fields": {"sort_order": 1, "behance_id": 77894999, "behance_name": "Ilustraciones para Santander R\u00edo", "behance_url": null, "cover": 1, "description": "", "name": "Ilustraciones para Santander R\u00edo", "slug": "ilustraciones-para-santander-rio", "client": 1}}, {"model": "behance.behanceproject", "pk": 2, "fields": {"sort_order": 2, "behance_id": 77221571, "behance_name": "Presentamos una propuesta para redise\u00f1ar el portal Vea", "behance_url": null, "cover": 8, "description": null, "name": "Presentamos una propuesta para redise\u00f1ar el portal Vea", "slug": "presentamos-una-propuesta-para-redisenar-el-portal", "client": null}}, {"model": "behance.behanceproject", "pk": 3, "fields": {"sort_order": 3, "behance_id": 76191161, "behance_name": "Creamos el lenguaje visual y comunicacional de la marca", "behance_url": null, "cover": 14, "description": null, "name": "Creamos el lenguaje visual y comunicacional de la marca", "slug": "creamos-el-lenguaje-visual-y-comunicacional-de-la", "client": null}}, {"model": "behance.behanceproject", "pk": 4, "fields": {"sort_order": 4, "behance_id": 76138655, "behance_name": "Creamos la marca y sistema visual para S4.", "behance_url": null, "cover": 29, "description": "S4 necesitaba m\u00e1s que una nueva web, pero a\u00fan no lo sab\u00edan. Juntos nos sumergimos en cinco sesiones de Project Discovery\u00ae que redefinieron la cultura de la empresa, creando una manera diferente de hablar de ellos mismos.", "name": "Creamos la marca y sistema visual para S4.", "slug": "creamos-la-marca-y-sistema-visual-para-s4", "client": null}}, {"model": "behance.behanceproject", "pk": 5, "fields": {"sort_order": 5, "behance_id": 77112945, "behance_name": "Creamos una propuesta conceptual y visual para la marca", "behance_url": null, "cover": 40, "description": null, "name": "Creamos una propuesta conceptual y visual para la marca", "slug": "creamos-una-propuesta-conceptual-y-visual-para-la", "client": null}}, {"model": "behance.behanceproject", "pk": 6, "fields": {"sort_order": 6, "behance_id": 76195581, "behance_name": "Dise\u00f1amos y desarrollamos la plataforma digital de Bgh.", "behance_url": null, "cover": 46, "description": null, "name": "Dise\u00f1amos y desarrollamos la plataforma digital de Bgh.", "slug": "disenamos-y-desarrollamos-la-plataforma-digital-de", "client": null}}, {"model": "behance.behanceproject", "pk": 7, "fields": {"sort_order": 7, "behance_id": 76652267, "behance_name": "Trabajamos una propuesta de tarjeta Platinum para Amex", "behance_url": null, "cover": 60, "description": null, "name": "Trabajamos una propuesta de tarjeta Platinum para Amex", "slug": "trabajamos-una-propuesta-de-tarjeta-platinum-para", "client": null}}, {"model": "behance.behanceproject", "pk": 8, "fields": {"sort_order": 8, "behance_id": 76189923, "behance_name": "Ayudamos a crear el portal digital del diario La Nacion", "behance_url": null, "cover": 71, "description": null, "name": "Ayudamos a crear el portal digital del diario La Nacion", "slug": "ayudamos-a-crear-el-portal-digital-del-diario-la-n", "client": null}}, {"model": "behance.behanceproject", "pk": 9, "fields": {"sort_order": 9, "behance_id": 76137415, "behance_name": "En el 2019, refinamos nuestra marca Agencia Ego.", "behance_url": null, "cover": 77, "description": null, "name": "En el 2019, refinamos nuestra marca Agencia Ego.", "slug": "en-el-2019-refinamos-nuestra-marca-agencia-ego", "client": null}}, {"model": "behance.behanceproject", "pk": 10, "fields": {"sort_order": 10, "behance_id": 47094473, "behance_name": "Concepto de marca que premia el buen dise\u00f1o.", "behance_url": null, "cover": 85, "description": null, "name": "Concepto de marca que premia el buen dise\u00f1o.", "slug": "concepto-de-marca-que-premia-el-buen-diseno", "client": null}}, {"model": "behance.behanceproject", "pk": 11, "fields": {"sort_order": 11, "behance_id": 44051513, "behance_name": "Dise\u00f1amos y desarrollamos la marca Getcamber.", "behance_url": null, "cover": 94, "description": null, "name": "Dise\u00f1amos y desarrollamos la marca Getcamber.", "slug": "disenamos-y-desarrollamos-la-marca-getcamber", "client": null}}, {"model": "behance.behanceproject", "pk": 12, "fields": {"sort_order": 12, "behance_id": 44051943, "behance_name": "Los inicios como agencia digital de Santander Rio.", "behance_url": null, "cover": 105, "description": null, "name": "Los inicios como agencia digital de Santander Rio.", "slug": "los-inicios-como-agencia-digital-de-santander-rio", "client": null}}, {"model": "behance.behanceproject", "pk": 13, "fields": {"sort_order": 13, "behance_id": 44050481, "behance_name": "A\u00f1o 2015: Nos mudamos y redise\u00f1amos nuestra web.", "behance_url": null, "cover": 114, "description": null, "name": "A\u00f1o 2015: Nos mudamos y redise\u00f1amos nuestra web.", "slug": "ano-2015-nos-mudamos-y-redisenamos-nuestra-web", "client": null}}, {"model": "behance.behanceproject", "pk": 14, "fields": {"sort_order": 14, "behance_id": 44423851, "behance_name": "Un redise\u00f1o que posicion\u00f3 a BGH a un nivel mundial.", "behance_url": null, "cover": 123, "description": null, "name": "Un redise\u00f1o que posicion\u00f3 a BGH a un nivel mundial.", "slug": "un-rediseno-que-posiciono-a-bgh-a-un-nivel-mundial", "client": null}}, {"model": "behance.behanceprojectmodule", "pk": 1, "fields": {"sort_order": 1, "image": 2, "project": 1, "text": null, "type": "image"}}, {"model": "behance.behanceprojectmodule", "pk": 2, "fields": {"sort_order": 2, "image": 3, "project": 1, "text": null, "type": "image"}}, {"model": "behance.behanceprojectmodule", "pk": 3, "fields": {"sort_order": 3, "image": 4, "project": 1, "text": null, "type": "image"}}, {"model": "behance.behanceprojectmodule", "pk": 4, "fields": {"sort_order": 4, "image": 5, "project": 1, "text": null, "type": "image"}}, {"model": "behance.behanceprojectmodule", "pk": 5, "fields": {"sort_order": 5, "image": 6, "project": 1, "text": null, "type": "image"}}, {"model": "behance.behanceprojectmodule", "pk": 6, "fields": {"sort_order": 6, "image": 7, "project": 1, "text": null, "type": "image"}}, {"model": "behance.behanceprojectmodule", "pk": 7, "fields": {"sort_order": 7, "image": 9, "project": 2, "text": null, "type": "image"}}, {"model": "behance.behanceprojectmodule", "pk": 8, "fields": {"sort_order": 8, "image": 10, "project": 2, "text": null, "type": "image"}}, {"model": "behance.behanceprojectmodule", "pk": 9, "fields": {"sort_order": 9, "image": 11, "project": 2, "text": null, "type": "image"}}, {"model": "behance.behanceprojectmodule", "pk": 10, "fields": {"sort_order": 10, "image": 12, "project": 2, "text": null, "type": "image"}}, {"model": "behance.behanceprojectmodule", "pk": 11, "fields": {"sort_order": 11, "image": 13, "project": 2, "text": null, "type": "image"}}, {"model": "behance.behanceprojectmodule", "pk": 12, "fields": {"sort_order": 12, "image": 15, "project": 3, "text": null, "type": "image"}}, {"model": "behance.behanceprojectmodule", "pk": 13, "fields": {"sort_order": 13, "image": 16, "project": 3, "text": null, "type": "image"}}, {"model": "behance.behanceprojectmodule", "pk": 14, "fields": {"sort_order": 14, "image": 17, "project": 3, "text": null, "type": "image"}}, {"model": "behance.behanceprojectmodule", "pk": 15, "fields": {"sort_order": 15, "image": 18, "project": 3, "text": null, "type": "image"}}, {"model": "behance.behanceprojectmodule", "pk": 16, "fields": {"sort_order": 16, "image": 19, "project": 3, "text": null, "type": "image"}}, {"model": "behance.behanceprojectmodule", "pk": 17, "fields": {"sort_order": 17, "image": 20, "project": 3, "text": null, "type": "image"}}, {"model": "behance.behanceprojectmodule", "pk": 18, "fields": {"sort_order": 18, "image": 21, "project": 3, "text": null, "type": "image"}}, {"model": "behance.behanceprojectmodule", "pk": 19, "fields": {"sort_order": 19, "image": 22, "project": 3, "text": null, "type": "image"}}, {"model": "behance.behanceprojectmodule", "pk": 20, "fields": {"sort_order": 20, "image": 23, "project": 3, "text": null, "type": "image"}}, {"model": "behance.behanceprojectmodule", "pk": 21, "fields": {"sort_order": 21, "image": 24, "project": 3, "text": null, "type": "image"}}, {"model": "behance.behanceprojectmodule", "pk": 22, "fields": {"sort_order": 22, "image": 25, "project": 3, "text": null, "type": "image"}}, {"model": "behance.behanceprojectmodule", "pk": 23, "fields": {"sort_order": 23, "image": 26, "project": 3, "text": null, "type": "image"}}, {"model": "behance.behanceprojectmodule", "pk": 24, "fields": {"sort_order": 24, "image": 27, "project": 3, "text": null, "type": "image"}}, {"model": "behance.behanceprojectmodule", "pk": 25, "fields": {"sort_order": 25, "image": 28, "project": 3, "text": null, "type": "image"}}, {"model": "behance.behanceprojectmodule", "pk": 26, "fields": {"sort_order": 26, "image": 30, "project": 4, "text": null, "type": "image"}}, {"model": "behance.behanceprojectmodule", "pk": 27, "fields": {"sort_order": 27, "image": 31, "project": 4, "text": null, "type": "image"}}, {"model": "behance.behanceprojectmodule", "pk": 28, "fields": {"sort_order": 28, "image": 32, "project": 4, "text": null, "type": "image"}}, {"model": "behance.behanceprojectmodule", "pk": 29, "fields": {"sort_order": 29, "image": 33, "project": 4, "text": null, "type": "image"}}, {"model": "behance.behanceprojectmodule", "pk": 30, "fields": {"sort_order": 30, "image": 34, "project": 4, "text": null, "type": "image"}}, {"model": "behance.behanceprojectmodule", "pk": 31, "fields": {"sort_order": 31, "image": 35, "project": 4, "text": null, "type": "image"}}, {"model": "behance.behanceprojectmodule", "pk": 32, "fields": {"sort_order": 32, "image": 36, "project": 4, "text": null, "type": "image"}}, {"model": "behance.behanceprojectmodule", "pk": 33, "fields": {"sort_order": 33, "image": 37, "project": 4, "text": null, "type": "image"}}, {"model": "behance.behanceprojectmodule", "pk": 34, "fields": {"sort_order": 34, "image": 38, "project": 4, "text": null, "type": "image"}}, {"model": "behance.behanceprojectmodule", "pk": 35, "fields": {"sort_order": 35, "image": 39, "project": 4, "text": null, "type": "image"}}, {"model": "behance.behanceprojectmodule", "pk": 36, "fields": {"sort_order": 36, "image": 41, "project": 5, "text": null, "type": "image"}}, {"model": "behance.behanceprojectmodule", "pk": 37, "fields": {"sort_order": 37, "image": 42, "project": 5, "text": null, "type": "image"}}, {"model": "behance.behanceprojectmodule", "pk": 38, "fields": {"sort_order": 38, "image": 43, "project": 5, "text": null, "type": "image"}}, {"model": "behance.behanceprojectmodule", "pk": 39, "fields": {"sort_order": 39, "image": 44, "project": 5, "text": null, "type": "image"}}, {"model": "behance.behanceprojectmodule", "pk": 40, "fields": {"sort_order": 40, "image": 45, "project": 5, "text": null, "type": "image"}}, {"model": "behance.behanceprojectmodule", "pk": 41, "fields": {"sort_order": 41, "image": 47, "project": 6, "text": null, "type": "image"}}, {"model": "behance.behanceprojectmodule", "pk": 42, "fields": {"sort_order": 42, "image": 48, "project": 6, "text": null, "type": "image"}}, {"model": "behance.behanceprojectmodule", "pk": 43, "fields": {"sort_order": 43, "image": 49, "project": 6, "text": null, "type": "image"}}, {"model": "behance.behanceprojectmodule", "pk": 44, "fields": {"sort_order": 44, "image": 50, "project": 6, "text": null, "type": "image"}}, {"model": "behance.behanceprojectmodule", "pk": 45, "fields": {"sort_order": 45, "image": 51, "project": 6, "text": null, "type": "image"}}, {"model": "behance.behanceprojectmodule", "pk": 46, "fields": {"sort_order": 46, "image": 52, "project": 6, "text": null, "type": "image"}}, {"model": "behance.behanceprojectmodule", "pk": 47, "fields": {"sort_order": 47, "image": 53, "project": 6, "text": null, "type": "image"}}, {"model": "behance.behanceprojectmodule", "pk": 48, "fields": {"sort_order": 48, "image": 54, "project": 6, "text": null, "type": "image"}}, {"model": "behance.behanceprojectmodule", "pk": 49, "fields": {"sort_order": 49, "image": 55, "project": 6, "text": null, "type": "image"}}, {"model": "behance.behanceprojectmodule", "pk": 50, "fields": {"sort_order": 50, "image": 56, "project": 6, "text": null, "type": "image"}}, {"model": "behance.behanceprojectmodule", "pk": 51, "fields": {"sort_order": 51, "image": 57, "project": 6, "text": null, "type": "image"}}, {"model": "behance.behanceprojectmodule", "pk": 52, "fields": {"sort_order": 52, "image": 58, "project": 6, "text": null, "type": "image"}}, {"model": "behance.behanceprojectmodule", "pk": 53, "fields": {"sort_order": 53, "image": 59, "project": 6, "text": null, "type": "image"}}, {"model": "behance.behanceprojectmodule", "pk": 54, "fields": {"sort_order": 54, "image": 61, "project": 7, "text": null, "type": "image"}}, {"model": "behance.behanceprojectmodule", "pk": 55, "fields": {"sort_order": 55, "image": 62, "project": 7, "text": null, "type": "image"}}, {"model": "behance.behanceprojectmodule", "pk": 56, "fields": {"sort_order": 56, "image": 63, "project": 7, "text": null, "type": "image"}}, {"model": "behance.behanceprojectmodule", "pk": 57, "fields": {"sort_order": 57, "image": 64, "project": 7, "text": null, "type": "image"}}, {"model": "behance.behanceprojectmodule", "pk": 58, "fields": {"sort_order": 58, "image": 65, "project": 7, "text": null, "type": "image"}}, {"model": "behance.behanceprojectmodule", "pk": 59, "fields": {"sort_order": 59, "image": 66, "project": 7, "text": null, "type": "image"}}, {"model": "behance.behanceprojectmodule", "pk": 60, "fields": {"sort_order": 60, "image": 67, "project": 7, "text": null, "type": "image"}}, {"model": "behance.behanceprojectmodule", "pk": 61, "fields": {"sort_order": 61, "image": 68, "project": 7, "text": null, "type": "image"}}, {"model": "behance.behanceprojectmodule", "pk": 62, "fields": {"sort_order": 62, "image": 69, "project": 7, "text": null, "type": "image"}}, {"model": "behance.behanceprojectmodule", "pk": 63, "fields": {"sort_order": 63, "image": 70, "project": 7, "text": null, "type": "image"}}, {"model": "behance.behanceprojectmodule", "pk": 64, "fields": {"sort_order": 64, "image": 72, "project": 8, "text": null, "type": "image"}}, {"model": "behance.behanceprojectmodule", "pk": 65, "fields": {"sort_order": 65, "image": 73, "project": 8, "text": null, "type": "image"}}, {"model": "behance.behanceprojectmodule", "pk": 66, "fields": {"sort_order": 66, "image": 74, "project": 8, "text": null, "type": "image"}}, {"model": "behance.behanceprojectmodule", "pk": 67, "fields": {"sort_order": 67, "image": 75, "project": 8, "text": null, "type": "image"}}, {"model": "behance.behanceprojectmodule", "pk": 68, "fields": {"sort_order": 68, "image": 76, "project": 8, "text": null, "type": "image"}}, {"model": "behance.behanceprojectmodule", "pk": 69, "fields": {"sort_order": 69, "image": 78, "project": 9, "text": null, "type": "image"}}, {"model": "behance.behanceprojectmodule", "pk": 70, "fields": {"sort_order": 70, "image": 79, "project": 9, "text": null, "type": "image"}}, {"model": "behance.behanceprojectmodule", "pk": 71, "fields": {"sort_order": 71, "image": 80, "project": 9, "text": null, "type": "image"}}, {"model": "behance.behanceprojectmodule", "pk": 72, "fields": {"sort_order": 72, "image": 81, "project": 9, "text": null, "type": "image"}}, {"model": "behance.behanceprojectmodule", "pk": 73, "fields": {"sort_order": 73, "image": 82, "project": 9, "text": null, "type": "image"}}, {"model": "behance.behanceprojectmodule", "pk": 74, "fields": {"sort_order": 74, "image": 83, "project": 9, "text": null, "type": "image"}}, {"model": "behance.behanceprojectmodule", "pk": 75, "fields": {"sort_order": 75, "image": 84, "project": 9, "text": null, "type": "image"}}, {"model": "behance.behanceprojectmodule", "pk": 76, "fields": {"sort_order": 76, "image": 86, "project": 10, "text": null, "type": "image"}}, {"model": "behance.behanceprojectmodule", "pk": 77, "fields": {"sort_order": 77, "image": 87, "project": 10, "text": null, "type": "image"}}, {"model": "behance.behanceprojectmodule", "pk": 78, "fields": {"sort_order": 78, "image": 88, "project": 10, "text": null, "type": "image"}}, {"model": "behance.behanceprojectmodule", "pk": 79, "fields": {"sort_order": 79, "image": 89, "project": 10, "text": null, "type": "image"}}, {"model": "behance.behanceprojectmodule", "pk": 80, "fields": {"sort_order": 80, "image": 90, "project": 10, "text": null, "type": "image"}}, {"model": "behance.behanceprojectmodule", "pk": 81, "fields": {"sort_order": 81, "image": 91, "project": 10, "text": null, "type": "image"}}, {"model": "behance.behanceprojectmodule", "pk": 82, "fields": {"sort_order": 82, "image": 92, "project": 10, "text": null, "type": "image"}}, {"model": "behance.behanceprojectmodule", "pk": 83, "fields": {"sort_order": 83, "image": 93, "project": 10, "text": null, "type": "image"}}, {"model": "behance.behanceprojectmodule", "pk": 84, "fields": {"sort_order": 84, "image": 95, "project": 11, "text": null, "type": "image"}}, {"model": "behance.behanceprojectmodule", "pk": 85, "fields": {"sort_order": 85, "image": 96, "project": 11, "text": null, "type": "image"}}, {"model": "behance.behanceprojectmodule", "pk": 86, "fields": {"sort_order": 86, "image": 97, "project": 11, "text": null, "type": "image"}}, {"model": "behance.behanceprojectmodule", "pk": 87, "fields": {"sort_order": 87, "image": 98, "project": 11, "text": null, "type": "image"}}, {"model": "behance.behanceprojectmodule", "pk": 88, "fields": {"sort_order": 88, "image": 99, "project": 11, "text": null, "type": "image"}}, {"model": "behance.behanceprojectmodule", "pk": 89, "fields": {"sort_order": 89, "image": 100, "project": 11, "text": null, "type": "image"}}, {"model": "behance.behanceprojectmodule", "pk": 90, "fields": {"sort_order": 90, "image": 101, "project": 11, "text": null, "type": "image"}}, {"model": "behance.behanceprojectmodule", "pk": 91, "fields": {"sort_order": 91, "image": 102, "project": 11, "text": null, "type": "image"}}, {"model": "behance.behanceprojectmodule", "pk": 92, "fields": {"sort_order": 92, "image": 103, "project": 11, "text": null, "type": "image"}}, {"model": "behance.behanceprojectmodule", "pk": 93, "fields": {"sort_order": 93, "image": 104, "project": 11, "text": null, "type": "image"}}, {"model": "behance.behanceprojectmodule", "pk": 94, "fields": {"sort_order": 94, "image": 106, "project": 12, "text": null, "type": "image"}}, {"model": "behance.behanceprojectmodule", "pk": 95, "fields": {"sort_order": 95, "image": 107, "project": 12, "text": null, "type": "image"}}, {"model": "behance.behanceprojectmodule", "pk": 96, "fields": {"sort_order": 96, "image": 108, "project": 12, "text": null, "type": "image"}}, {"model": "behance.behanceprojectmodule", "pk": 97, "fields": {"sort_order": 97, "image": 109, "project": 12, "text": null, "type": "image"}}, {"model": "behance.behanceprojectmodule", "pk": 98, "fields": {"sort_order": 98, "image": 110, "project": 12, "text": null, "type": "image"}}, {"model": "behance.behanceprojectmodule", "pk": 99, "fields": {"sort_order": 99, "image": 111, "project": 12, "text": null, "type": "image"}}, {"model": "behance.behanceprojectmodule", "pk": 100, "fields": {"sort_order": 100, "image": 112, "project": 12, "text": null, "type": "image"}}, {"model": "behance.behanceprojectmodule", "pk": 101, "fields": {"sort_order": 101, "image": 113, "project": 12, "text": null, "type": "image"}}, {"model": "behance.behanceprojectmodule", "pk": 102, "fields": {"sort_order": 102, "image": 115, "project": 13, "text": null, "type": "image"}}, {"model": "behance.behanceprojectmodule", "pk": 103, "fields": {"sort_order": 103, "image": 116, "project": 13, "text": null, "type": "image"}}, {"model": "behance.behanceprojectmodule", "pk": 104, "fields": {"sort_order": 104, "image": 117, "project": 13, "text": null, "type": "image"}}, {"model": "behance.behanceprojectmodule", "pk": 105, "fields": {"sort_order": 105, "image": 118, "project": 13, "text": null, "type": "image"}}, {"model": "behance.behanceprojectmodule", "pk": 106, "fields": {"sort_order": 106, "image": 119, "project": 13, "text": null, "type": "image"}}, {"model": "behance.behanceprojectmodule", "pk": 107, "fields": {"sort_order": 107, "image": 120, "project": 13, "text": null, "type": "image"}}, {"model": "behance.behanceprojectmodule", "pk": 108, "fields": {"sort_order": 108, "image": 121, "project": 13, "text": null, "type": "image"}}, {"model": "behance.behanceprojectmodule", "pk": 109, "fields": {"sort_order": 109, "image": 122, "project": 13, "text": null, "type": "image"}}, {"model": "behance.behanceprojectmodule", "pk": 110, "fields": {"sort_order": 110, "image": 124, "project": 14, "text": null, "type": "image"}}, {"model": "behance.behanceprojectmodule", "pk": 111, "fields": {"sort_order": 111, "image": 125, "project": 14, "text": null, "type": "image"}}, {"model": "behance.behanceprojectmodule", "pk": 112, "fields": {"sort_order": 112, "image": 126, "project": 14, "text": null, "type": "image"}}, {"model": "behance.behanceprojectmodule", "pk": 113, "fields": {"sort_order": 113, "image": 127, "project": 14, "text": null, "type": "image"}}, {"model": "behance.behanceprojectmodule", "pk": 114, "fields": {"sort_order": 114, "image": 128, "project": 14, "text": null, "type": "image"}}, {"model": "behance.behanceprojectmodule", "pk": 115, "fields": {"sort_order": 115, "image": 129, "project": 14, "text": null, "type": "image"}}, {"model": "behance.behanceprojectmodule", "pk": 116, "fields": {"sort_order": 116, "image": 130, "project": 14, "text": null, "type": "image"}}, {"model": "behance.behanceprojectmodule", "pk": 117, "fields": {"sort_order": 117, "image": 131, "project": 14, "text": null, "type": "image"}}, {"model": "behance.behanceprojectmodule", "pk": 118, "fields": {"sort_order": 118, "image": 132, "project": 14, "text": null, "type": "image"}}, {"model": "behance.behanceprojectmodule", "pk": 119, "fields": {"sort_order": 119, "image": 133, "project": 14, "text": null, "type": "image"}}, {"model": "behance.behanceprojectmodule", "pk": 120, "fields": {"sort_order": 120, "image": 134, "project": 14, "text": null, "type": "image"}}, {"model": "behance.behanceprojectmodule", "pk": 121, "fields": {"sort_order": 121, "image": 135, "project": 14, "text": null, "type": "image"}}, {"model": "behance.client", "pk": 1, "fields": {"name": "Santander Rio", "logo": 136}}, {"model": "employees.employee", "pk": 1, "fields": {"sort_order": 6, "name": "Rodrigo Butta", "avatar": "http://hub.agenciaego.com.ar/uploads/images/5b0b70fa838eea70ae6a449c3772c297.jpg", "bio": "<p>Analista de sistemas comenz&oacute; en Wunderman como desarrollador e hizo la mayor parte de su carrera como analista de sistemas en HSBC Argentina. Anal&iacute;tico y vers&aacute;til. Amante de la programaci&oacute;n funcional. Nerd con vetas art&iacute;sticas.</p>", "type": 2, "position": "Director de Tecnolog\u00eda", "subposition": null}}, {"model": "employees.employee", "pk": 2, "fields": {"sort_order": 2, "name": "Ricardo Teruel", "avatar": "http://hub.agenciaego.com.ar/uploads/images/18446691_10155403340392728_6174351718325013511_n.jpg", "bio": "<p>Dise&ntilde;ador de profesi&oacute;n y con formaci&oacute;n en Bellas Artes. En sus 14 a&ntilde;os de experiencia se destaca su paso como Dise&ntilde;ador Sr. en R/GA donde lider&oacute; la cuenta de Nike Regional. Con una visi&oacute;n fuertemente vinculada a los aspectos t&eacute;cnicos y conceptuales de la tecnolog&iacute;a, tiene la responsabilidad de dirigir el &aacute;rea de Experiencia de Usuario y Direcci&oacute;n Art&iacute;stica funcional.</p>", "type": 1, "position": "Director Interactivo", "subposition": "Socio fundador"}}, {"model": "employees.employee", "pk": 4, "fields": {"sort_order": 19, "name": "Juan Lar\u00eda", "avatar": "http://hub.agenciaego.com.ar/vendor/laravel-admin/AdminLTE/dist/img/user2-160x160.jpg", "bio": null, "type": 3, "position": "Desarrollo", "subposition": null}}, {"model": "employees.employee", "pk": 5, "fields": {"sort_order": 14, "name": "Sebasti\u00e1n Fern\u00e1ndez", "avatar": "http://hub.agenciaego.com.ar/vendor/laravel-admin/AdminLTE/dist/img/user2-160x160.jpg", "bio": null, "type": 3, "position": "Desarrollo", "subposition": null}}, {"model": "employees.employee", "pk": 6, "fields": {"sort_order": 15, "name": "Eric Kersten", "avatar": "http://hub.agenciaego.com.ar/vendor/laravel-admin/AdminLTE/dist/img/user2-160x160.jpg", "bio": null, "type": 3, "position": "Desarrollo", "subposition": null}}, {"model": "employees.employee", "pk": 7, "fields": {"sort_order": 10, "name": "Charo Espinosa", "avatar": "http://hub.agenciaego.com.ar/vendor/laravel-admin/AdminLTE/dist/img/user2-160x160.jpg", "bio": null, "type": 3, "position": "Dise\u00f1adora Senior", "subposition": null}}, {"model": "employees.employee", "pk": 8, "fields": {"sort_order": 12, "name": "Mary Ann Villalobos", "avatar": "http://hub.agenciaego.com.ar/vendor/laravel-admin/AdminLTE/dist/img/user2-160x160.jpg", "bio": null, "type": 3, "position": "Consultora Art\u00edstica", "subposition": null}}, {"model": "employees.employee", "pk": 9, "fields": {"sort_order": 16, "name": "Iv\u00e1n Barber\u00f3n", "avatar": "http://hub.agenciaego.com.ar/vendor/laravel-admin/AdminLTE/dist/img/user2-160x160.jpg", "bio": null, "type": 3, "position": "Dise\u00f1o", "subposition": null}}, {"model": "employees.employee", "pk": 10, "fields": {"sort_order": 11, "name": "Patricia Satrevater", "avatar": "http://hub.agenciaego.com.ar/vendor/laravel-admin/AdminLTE/dist/img/user2-160x160.jpg", "bio": null, "type": 3, "position": "Dise\u00f1adora Senior", "subposition": null}}, {"model": "employees.employee", "pk": 11, "fields": {"sort_order": 17, "name": "Agostina Lotierzo", "avatar": "http://hub.agenciaego.com.ar/vendor/laravel-admin/AdminLTE/dist/img/user2-160x160.jpg", "bio": null, "type": 3, "position": "Dise\u00f1o", "subposition": null}}, {"model": "employees.employee", "pk": 12, "fields": {"sort_order": 9, "name": "Sabrina Castelli", "avatar": "http://hub.agenciaego.com.ar/vendor/laravel-admin/AdminLTE/dist/img/user2-160x160.jpg", "bio": "<p>Licenciada en Administraci&oacute;n con m&aacute;s de 10 a&ntilde;os de experiencia en compa&ntilde;&iacute;as multinacionales. Hizo carrera en empresas l&iacute;deres del mundo online, trabajando en latinoamerica con variedad de clientes e industrias desarrollando una visi&oacute;n de negocio en los mercados claves de la regi&oacute;n.</p>", "type": 2, "position": "Directora Comercial", "subposition": null}}, {"model": "employees.employee", "pk": 13, "fields": {"sort_order": 4, "name": "Julio Spinetto", "avatar": "http://hub.agenciaego.com.ar/uploads/images/0ea5b98674cf187dc14fa71ec295ae29.jpg", "bio": "<p>Dise&ntilde;ador y Director de Arte con m&aacute;s de 13 a&ntilde;os de experiencia en el mundo digital. Egresado de la Universidad de Buenos Aires, ha liderado equipos con los que gan&oacute; 2 Webby Awards, 2 Ojos de Iberoam&eacute;rica, 1 FWA y 2 Dientes de Oro, entre otros. Obsesivo del detalle y la comunicaci&oacute;n, lidera el equipo de Dise&ntilde;o.</p>", "type": 2, "position": "Director de Arte", "subposition": null}}, {"model": "employees.employee", "pk": 14, "fields": {"sort_order": 7, "name": "Guadalupe Madrea", "avatar": "http://hub.agenciaego.com.ar/vendor/laravel-admin/AdminLTE/dist/img/user2-160x160.jpg", "bio": "<p>Licenciada en Publicidad hoy finalizando su Maestr&iacute;a en Marketing Estrat&eacute;gico. Tras un destacado paso por importantes compan&iacute;as, afianz&oacute; su trayectoria en Ogilvy &amp; Mather donde lider&oacute; la producci&oacute;n de m&uacute;ltiples proyectos para la industria.</p>", "type": 2, "position": "Directora de Cuentas @ Santander Rio", "subposition": null}}, {"model": "employees.employee", "pk": 15, "fields": {"sort_order": 1, "name": "Bruno Borgoglio", "avatar": "http://hub.agenciaego.com.ar/uploads/images/3d9f3694fe2a6d54b5338baadf59818e.jpg", "bio": "<p>Licenciado en Econom&iacute;a que comenz&oacute; trabajando en Consultor&iacute;a Econ&oacute;mica tradicional hasta llegar a ofrecer sistemas de informaci&oacute;n digital. En los inicios de Agencia Ego la experiencia de empresa y visi&oacute;n comercial fueron preponderantes e hizo que el foco se ampl&iacute;e llevando adelante definiciones de estrategia comercial, agregando valor al negocio a mediano y largo plazo.</p>", "type": 1, "position": "Director Comercial", "subposition": "Socio fundador"}}, {"model": "employees.employee", "pk": 17, "fields": {"sort_order": 8, "name": "Federico Campo Piombi", "avatar": "http://hub.agenciaego.com.ar/vendor/laravel-admin/AdminLTE/dist/img/user2-160x160.jpg", "bio": "<p>Con formaci&oacute;n acad&eacute;mica en Sistemas Digitales, cuenta con m&aacute;s de 16 a&ntilde;os de experiencia en el desarrollo y creaci&oacute;n de experiencias para usuarios. Actualmente es el responsable del &aacute;rea de Experiencia de Usuario, garantizando la consistencia estrat&eacute;gica, creativa y de branding de las interfaces e interacciones.</p>", "type": 2, "position": "L\u00edder Analista Ux", "subposition": null}}, {"model": "employees.employee", "pk": 19, "fields": {"sort_order": 20, "name": "Lucio Quinzio", "avatar": "http://hub.agenciaego.com.ar/vendor/laravel-admin/AdminLTE/dist/img/user2-160x160.jpg", "bio": null, "type": 3, "position": "Investigador UX", "subposition": null}}, {"model": "employees.employee", "pk": 21, "fields": {"sort_order": 21, "name": "Paula Dambski", "avatar": "http://hub.agenciaego.com.ar/vendor/laravel-admin/AdminLTE/dist/img/user2-160x160.jpg", "bio": null, "type": 3, "position": "Dise\u00f1o", "subposition": null}}, {"model": "employees.employee", "pk": 22, "fields": {"sort_order": 18, "name": "Antonella Rodr\u00edguez", "avatar": "http://hub.agenciaego.com.ar/vendor/laravel-admin/AdminLTE/dist/img/user2-160x160.jpg", "bio": null, "type": 3, "position": "Dise\u00f1o", "subposition": null}}, {"model": "employees.employee", "pk": 24, "fields": {"sort_order": 5, "name": "Emiliano Porterie", "avatar": "http://hub.agenciaego.com.ar/uploads/images/245px-Narig\u00f3n_Bilardo_1986.jpg", "bio": "<p>Licenciado en Administraci&oacute;n, comenz&oacute; su carrera profesional en YPF y Accenture. Con m&aacute;s de 8 a&ntilde;os de experiencia en el mundo digital. En ese lapso se ha desempe&ntilde;ado como analista funcional y coordinador de proyectos. La gesti&oacute;n, coordinaci&oacute;n y resoluci&oacute;n de problemas se ha convertido en el norte de su carrera profesional.</p>", "type": 2, "position": "Product Owner @ Santander Rio", "subposition": null}}, {"model": "employees.employee", "pk": 26, "fields": {"sort_order": 23, "name": "Juan Ignacio Torren", "avatar": "http://hub.agenciaego.com.ar/vendor/laravel-admin/AdminLTE/dist/img/user2-160x160.jpg", "bio": null, "type": 3, "position": "Cuentas", "subposition": null}}, {"model": "employees.employee", "pk": 28, "fields": {"sort_order": 3, "name": "Agust\u00edn Sapio", "avatar": "http://hub.agenciaego.com.ar/vendor/laravel-admin/AdminLTE/dist/img/user2-160x160.jpg", "bio": "<p>Recibido en el a&ntilde;o 2004 de la carrera de Dise&ntilde;o Multimedial desde entonces no dej&oacute; de estar vinculado con el mundo digital. Con un perfil m&aacute;s art&iacute;stico que t&eacute;cnico hizo trayectoria en Wunderman como dise&ntilde;ador digital y R/GA donde fue Director de Arte de la sede Buenos Aires. Actualmente dirige el area de Comunicaci&oacute;n Estrat&eacute;gica y Direcci&oacute;n Art&iacute;stica.</p>", "type": 1, "position": "Director Creativo", "subposition": "Socio fundador"}}, {"model": "employees.employee", "pk": 29, "fields": {"sort_order": 13, "name": "Dolores Beliera", "avatar": "http://hub.agenciaego.com.ar/uploads/images/loli.jpg", "bio": null, "type": 3, "position": "Dise\u00f1adora", "subposition": null}}, {"model": "employees.employee", "pk": 30, "fields": {"sort_order": 22, "name": "Melina Franco", "avatar": "http://hub.agenciaego.com.ar/vendor/laravel-admin/AdminLTE/dist/img/user2-160x160.jpg", "bio": null, "type": 3, "position": "Desarrollo", "subposition": null}}, {"model": "employees.employee", "pk": 31, "fields": {"sort_order": 24, "name": "Cristi\u00e1n Scalzone", "avatar": "http://hub.agenciaego.com.ar/vendor/laravel-admin/AdminLTE/dist/img/user2-160x160.jpg", "bio": null, "type": 3, "position": "Desarrollador", "subposition": null}}, {"model": "employees.employee", "pk": 33, "fields": {"sort_order": 25, "name": "Claudia Brosan", "avatar": "http://hub.agenciaego.com.ar/vendor/laravel-admin/AdminLTE/dist/img/user2-160x160.jpg", "bio": null, "type": 3, "position": "Adminsitrativa", "subposition": null}}, {"model": "employees.employee", "pk": 34, "fields": {"sort_order": 26, "name": "Carlos Guill\u00e9n", "avatar": "http://hub.agenciaego.com.ar/vendor/laravel-admin/AdminLTE/dist/img/user2-160x160.jpg", "bio": null, "type": 3, "position": "Desarrollador", "subposition": null}}, {"model": "employees.employee", "pk": 36, "fields": {"sort_order": 27, "name": "Fernando Escobares", "avatar": "http://hub.agenciaego.com.ar/vendor/laravel-admin/AdminLTE/dist/img/user2-160x160.jpg", "bio": null, "type": 3, "position": "Dise\u00f1ador UX", "subposition": null}}, {"model": "employees.employee", "pk": 38, "fields": {"sort_order": 28, "name": "Andre Vielma Gil", "avatar": "http://hub.agenciaego.com.ar/vendor/laravel-admin/AdminLTE/dist/img/user2-160x160.jpg", "bio": null, "type": 3, "position": "Desarrollador", "subposition": null}}, {"model": "employees.employee", "pk": 40, "fields": {"sort_order": 29, "name": "Carla Rodr\u00edguez", "avatar": "http://hub.agenciaego.com.ar/vendor/laravel-admin/AdminLTE/dist/img/user2-160x160.jpg", "bio": null, "type": 3, "position": "Dise\u00f1adora UX", "subposition": null}}, {"model": "employees.employee", "pk": 41, "fields": {"sort_order": 30, "name": "Didier G\u00fclden", "avatar": "http://hub.agenciaego.com.ar/vendor/laravel-admin/AdminLTE/dist/img/user2-160x160.jpg", "bio": null, "type": 3, "position": "Desarrollador", "subposition": null}}, {"model": "employees.employee", "pk": 42, "fields": {"sort_order": 31, "name": "Juan Sacco", "avatar": "http://hub.agenciaego.com.ar/vendor/laravel-admin/AdminLTE/dist/img/user2-160x160.jpg", "bio": null, "type": 3, "position": "Dise\u00f1ador", "subposition": null}}, {"model": "employees.employee", "pk": 43, "fields": {"sort_order": 32, "name": "Ana Olteanu", "avatar": "http://hub.agenciaego.com.ar/vendor/laravel-admin/AdminLTE/dist/img/user2-160x160.jpg", "bio": null, "type": 3, "position": "Dise\u00f1adora", "subposition": null}}, {"model": "employees.employee", "pk": 44, "fields": {"sort_order": 33, "name": "Ariel Loyber", "avatar": "http://hub.agenciaego.com.ar/vendor/laravel-admin/AdminLTE/dist/img/user2-160x160.jpg", "bio": null, "type": 3, "position": "Dise\u00f1ador UX", "subposition": null}}, {"model": "employees.employee", "pk": 45, "fields": {"sort_order": 34, "name": "Mart\u00edn Collazo", "avatar": "http://hub.agenciaego.com.ar/vendor/laravel-admin/AdminLTE/dist/img/user2-160x160.jpg", "bio": null, "type": 3, "position": "Dise\u00f1ador", "subposition": null}}, {"model": "employees.employee", "pk": 46, "fields": {"sort_order": 35, "name": "Sof\u00eda Fern\u00e1ndez", "avatar": "http://hub.agenciaego.com.ar/vendor/laravel-admin/AdminLTE/dist/img/user2-160x160.jpg", "bio": null, "type": 3, "position": "Dise\u00f1adora", "subposition": null}}, {"model": "employees.employee", "pk": 48, "fields": {"sort_order": 36, "name": "Diego Medina", "avatar": "http://hub.agenciaego.com.ar/vendor/laravel-admin/AdminLTE/dist/img/user2-160x160.jpg", "bio": null, "type": 3, "position": "Desarrollador", "subposition": null}}, {"model": "employees.employee", "pk": 49, "fields": {"sort_order": 37, "name": "Danny Rodr\u00edguez", "avatar": "http://hub.agenciaego.com.ar/vendor/laravel-admin/AdminLTE/dist/img/user2-160x160.jpg", "bio": null, "type": 3, "position": "Desarrollador", "subposition": null}}, {"model": "employees.employee", "pk": 50, "fields": {"sort_order": 38, "name": "Aury Vald\u00e9s", "avatar": "http://hub.agenciaego.com.ar/vendor/laravel-admin/AdminLTE/dist/img/user2-160x160.jpg", "bio": null, "type": 3, "position": "Desarrollador", "subposition": null}}, {"model": "employees.employee", "pk": 51, "fields": {"sort_order": 39, "name": "Carolina Lema", "avatar": "http://hub.agenciaego.com.ar/vendor/laravel-admin/AdminLTE/dist/img/user2-160x160.jpg", "bio": null, "type": 3, "position": "Cuentas", "subposition": null}}, {"model": "employees.employee", "pk": 52, "fields": {"sort_order": 40, "name": "Yeimar Cabral", "avatar": "http://hub.agenciaego.com.ar/vendor/laravel-admin/AdminLTE/dist/img/user2-160x160.jpg", "bio": null, "type": 3, "position": "Cuentas", "subposition": null}}, {"model": "blog.blogpagelink", "pk": 1, "fields": {"sort_order": 0, "page": 13, "url": "http://www.facebook.com", "title": "Facebook", "target": "_blank"}}, {"model": "blog.blogpagelink", "pk": 2, "fields": {"sort_order": 1, "page": 13, "url": "https://www.instagram.com", "title": "Instagram", "target": "_self"}}, {"model": "menus.menuitem", "pk": 1, "fields": {"sort_order": 0, "link_title": "Servicios", "link_url": null, "link_page": 5, "open_in_new_tab": false, "page": 1}}, {"model": "menus.menuitem", "pk": 2, "fields": {"sort_order": 1, "link_title": "Agencia", "link_url": null, "link_page": 6, "open_in_new_tab": false, "page": 1}}, {"model": "menus.menuitem", "pk": 3, "fields": {"sort_order": 2, "link_title": "Proyectos", "link_url": null, "link_page": 3, "open_in_new_tab": false, "page": 1}}, {"model": "menus.menuitem", "pk": 4, "fields": {"sort_order": 3, "link_title": "Blog", "link_url": null, "link_page": 7, "open_in_new_tab": false, "page": 1}}, {"model": "menus.menuitem", "pk": 5, "fields": {"sort_order": 4, "link_title": "Postulate", "link_url": null, "link_page": 8, "open_in_new_tab": false, "page": 1}}, {"model": "menus.menu", "pk": 1, "fields": {"title": "Main", "slug": "main"}}, {"model": "wagtailimages.rendition", "pk": 1, "fields": {"filter_spec": "width-200", "file": "images/5faabd77894999.5c9507d19f13a.width-200.png", "width": 200, "height": 119, "focal_point_key": "", "image": 2}}, {"model": "wagtailimages.rendition", "pk": 2, "fields": {"filter_spec": "width-200", "file": "images/5fd1e577894999.5c9507d19fcfc.width-200.png", "width": 200, "height": 130, "focal_point_key": "", "image": 3}}, {"model": "wagtailimages.rendition", "pk": 3, "fields": {"filter_spec": "width-200", "file": "images/dd0c0977894999.5c9507d1a03f2.width-200.png", "width": 200, "height": 309, "focal_point_key": "", "image": 4}}, {"model": "wagtailimages.rendition", "pk": 4, "fields": {"filter_spec": "width-200", "file": "images/b5ce2977894999.5c9507d19f9e0.width-200.png", "width": 200, "height": 364, "focal_point_key": "", "image": 5}}, {"model": "wagtailimages.rendition", "pk": 5, "fields": {"filter_spec": "width-200", "file": "images/c762f777894999.5c9507d19f5df.width-200.png", "width": 200, "height": 421, "focal_point_key": "", "image": 6}}, {"model": "wagtailimages.rendition", "pk": 6, "fields": {"filter_spec": "width-200", "file": "images/8d294277894999.5c9507d1a0000.width-200.png", "width": 200, "height": 210, "focal_point_key": "", "image": 7}}, {"model": "wagtailimages.rendition", "pk": 7, "fields": {"filter_spec": "max-165x165", "file": "images/b85c3644423851.58121be8f122d.max-165x165_UIjZucL.jpg", "width": 165, "height": 101, "focal_point_key": "", "image": 135}}, {"model": "wagtailimages.rendition", "pk": 8, "fields": {"filter_spec": "max-165x165", "file": "images/6ef76444423851.58121be8f0c0f.max-165x165_alu2WD7.jpg", "width": 165, "height": 96, "focal_point_key": "", "image": 134}}, {"model": "wagtailimages.rendition", "pk": 9, "fields": {"filter_spec": "max-165x165", "file": "images/70c0b944423851.58121be8f05d0.max-165x165_hMfaaSQ.jpg", "width": 130, "height": 165, "focal_point_key": "", "image": 133}}, {"model": "wagtailimages.rendition", "pk": 10, "fields": {"filter_spec": "max-165x165", "file": "images/bef2ec44423851.58121be8efd17.max-165x165_5gSE3EJ.jpg", "width": 165, "height": 82, "focal_point_key": "", "image": 132}}, {"model": "wagtailimages.rendition", "pk": 11, "fields": {"filter_spec": "max-165x165", "file": "images/e377a344423851.58121be8ef6ed.max-165x165_cbSPC4e.jpg", "width": 142, "height": 165, "focal_point_key": "", "image": 131}}, {"model": "wagtailimages.rendition", "pk": 12, "fields": {"filter_spec": "max-165x165", "file": "images/ffb25c44423851.58121be8ef1c8.max-165x165_aBU1d8h.jpg", "width": 152, "height": 165, "focal_point_key": "", "image": 130}}, {"model": "wagtailimages.rendition", "pk": 13, "fields": {"filter_spec": "max-165x165", "file": "images/bb1dcc44423851.58121be8eec57.max-165x165_7Ht76dr.jpg", "width": 165, "height": 86, "focal_point_key": "", "image": 129}}, {"model": "wagtailimages.rendition", "pk": 14, "fields": {"filter_spec": "max-165x165", "file": "images/94d43d44423851.58121be8ee618.max-165x165_GuUEARD.jpg", "width": 165, "height": 78, "focal_point_key": "", "image": 128}}, {"model": "wagtailimages.rendition", "pk": 15, "fields": {"filter_spec": "max-165x165", "file": "images/a225d344423851.58121be8edd53.max-165x165_dSY2cEb.jpg", "width": 139, "height": 165, "focal_point_key": "", "image": 127}}, {"model": "wagtailimages.rendition", "pk": 16, "fields": {"filter_spec": "max-165x165", "file": "images/ef850244423851.58121be8ed6d8.max-165x165_6t23z85.jpg", "width": 165, "height": 128, "focal_point_key": "", "image": 126}}, {"model": "wagtailimages.rendition", "pk": 17, "fields": {"filter_spec": "max-165x165", "file": "images/f4074044423851.58121be8eccb4.max-165x165_YgxUU75.jpg", "width": 165, "height": 108, "focal_point_key": "", "image": 125}}, {"model": "wagtailimages.rendition", "pk": 18, "fields": {"filter_spec": "max-165x165", "file": "images/1df1fe44423851.5c61877a952bb.max-165x165_9WGj9tI.png", "width": 165, "height": 105, "focal_point_key": "", "image": 124}}, {"model": "wagtailimages.rendition", "pk": 19, "fields": {"filter_spec": "max-165x165", "file": "images/c58cbe44423851.Y3JvcCwxMzU5LDEwNjIsMzcsMTM.max-165x165_LTCSBH3.jpg", "width": 165, "height": 128, "focal_point_key": "", "image": 123}}, {"model": "wagtailimages.rendition", "pk": 20, "fields": {"filter_spec": "max-165x165", "file": "images/50192a44050481.58063c7a70116.max-165x165_ZLrgoiw.jpg", "width": 165, "height": 41, "focal_point_key": "", "image": 122}}, {"model": "wagtailimages.rendition", "pk": 21, "fields": {"filter_spec": "max-165x165", "file": "images/2d85ea44050481.58063c7a6fc2f.max-165x165_qRhEfoi.jpg", "width": 165, "height": 101, "focal_point_key": "", "image": 121}}, {"model": "wagtailimages.rendition", "pk": 22, "fields": {"filter_spec": "max-165x165", "file": "images/79777f44050481.58063c7a6f512.max-165x165_2DpqbPm.jpg", "width": 92, "height": 165, "focal_point_key": "", "image": 120}}, {"model": "wagtailimages.rendition", "pk": 23, "fields": {"filter_spec": "max-165x165", "file": "images/6fb8ad44050481.58063c7a6ef36.max-165x165_jJDluxM.jpg", "width": 165, "height": 50, "focal_point_key": "", "image": 119}}, {"model": "wagtailimages.rendition", "pk": 24, "fields": {"filter_spec": "max-165x165", "file": "images/85254444050481.58063c7a6e8ee.max-165x165_eKX6WBt.jpg", "width": 165, "height": 70, "focal_point_key": "", "image": 118}}, {"model": "wagtailimages.rendition", "pk": 25, "fields": {"filter_spec": "max-165x165", "file": "images/7ca59d44050481.58063c7a6e171.max-165x165_nRjXnbH.jpg", "width": 118, "height": 165, "focal_point_key": "", "image": 117}}, {"model": "wagtailimages.rendition", "pk": 26, "fields": {"filter_spec": "max-165x165", "file": "images/56b31744050481.58063c7a6daf8.max-165x165_7R5aXa4.jpg", "width": 165, "height": 138, "focal_point_key": "", "image": 116}}, {"model": "wagtailimages.rendition", "pk": 27, "fields": {"filter_spec": "max-165x165", "file": "images/94359144050481.58063c7a6d4e2.max-165x165.jpg", "width": 165, "height": 123, "focal_point_key": "", "image": 115}}, {"model": "wagtailimages.rendition", "pk": 28, "fields": {"filter_spec": "max-165x165", "file": "images/7a904544050481.Y3JvcCwxMzM0LDEwNDQsMCww.max-165x165.jpg", "width": 165, "height": 123, "focal_point_key": "", "image": 114}}, {"model": "wagtailimages.rendition", "pk": 29, "fields": {"filter_spec": "max-165x165", "file": "images/923b2d44051943.5806a1a05acde.max-165x165.jpg", "width": 165, "height": 163, "focal_point_key": "", "image": 113}}, {"model": "wagtailimages.rendition", "pk": 30, "fields": {"filter_spec": "max-165x165", "file": "images/763fbc44051943.58064469a79ff.max-165x165.jpg", "width": 165, "height": 157, "focal_point_key": "", "image": 112}}, {"model": "wagtailimages.rendition", "pk": 31, "fields": {"filter_spec": "max-165x165", "file": "images/a4208d44051943.58064469a7245.max-165x165.jpg", "width": 165, "height": 90, "focal_point_key": "", "image": 111}}, {"model": "wagtailimages.rendition", "pk": 32, "fields": {"filter_spec": "max-165x165", "file": "images/896a2f44051943.58064469a6d8e.max-165x165.jpg", "width": 165, "height": 141, "focal_point_key": "", "image": 110}}, {"model": "wagtailimages.rendition", "pk": 33, "fields": {"filter_spec": "max-165x165", "file": "images/edab0444051943.58064469a65cc.max-165x165.jpg", "width": 165, "height": 93, "focal_point_key": "", "image": 109}}, {"model": "wagtailimages.rendition", "pk": 34, "fields": {"filter_spec": "max-165x165", "file": "images/705eb044051943.58064469a60fe.max-165x165.jpg", "width": 165, "height": 47, "focal_point_key": "", "image": 108}}, {"model": "wagtailimages.rendition", "pk": 35, "fields": {"filter_spec": "max-165x165", "file": "images/f3b2d744051943.58064469a5a0b.max-165x165.jpg", "width": 165, "height": 121, "focal_point_key": "", "image": 107}}, {"model": "wagtailimages.rendition", "pk": 36, "fields": {"filter_spec": "max-165x165", "file": "images/00bf1a44051943.5c6167cbdf084.max-165x165.png", "width": 165, "height": 105, "focal_point_key": "", "image": 106}}, {"model": "wagtailimages.rendition", "pk": 37, "fields": {"filter_spec": "max-165x165", "file": "images/c80b7a44051943.Y3JvcCwxMDk0LDg1NSwxMjEsODY.max-165x165.jpg", "width": 165, "height": 121, "focal_point_key": "", "image": 105}}, {"model": "wagtailimages.rendition", "pk": 38, "fields": {"filter_spec": "max-165x165", "file": "images/f77a5844051513.5806426da2a3d.max-165x165.jpg", "width": 138, "height": 165, "focal_point_key": "", "image": 104}}, {"model": "wagtailimages.rendition", "pk": 39, "fields": {"filter_spec": "max-165x165", "file": "images/986d6644051513.5806426da23f7.max-165x165.jpg", "width": 113, "height": 165, "focal_point_key": "", "image": 103}}, {"model": "wagtailimages.rendition", "pk": 40, "fields": {"filter_spec": "max-165x165", "file": "images/bf6f8344051513.5806426da1e60.max-165x165.jpg", "width": 165, "height": 134, "focal_point_key": "", "image": 102}}, {"model": "wagtailimages.rendition", "pk": 41, "fields": {"filter_spec": "max-165x165", "file": "images/f70c5744051513.5806426da18de.max-165x165.jpg", "width": 165, "height": 106, "focal_point_key": "", "image": 101}}, {"model": "wagtailimages.rendition", "pk": 42, "fields": {"filter_spec": "max-165x165", "file": "images/34019044051513.5806426da1286.max-165x165.jpg", "width": 165, "height": 54, "focal_point_key": "", "image": 100}}, {"model": "wagtailimages.rendition", "pk": 43, "fields": {"filter_spec": "max-165x165", "file": "images/4f77bc44051513.5806426da0905.max-165x165.jpg", "width": 135, "height": 165, "focal_point_key": "", "image": 99}}, {"model": "wagtailimages.rendition", "pk": 44, "fields": {"filter_spec": "max-165x165", "file": "images/9331c044051513.5806426da015b.max-165x165.jpg", "width": 165, "height": 102, "focal_point_key": "", "image": 98}}, {"model": "wagtailimages.rendition", "pk": 45, "fields": {"filter_spec": "max-165x165", "file": "images/d5952c44051513.5806426d9fb0b.max-165x165.jpg", "width": 165, "height": 149, "focal_point_key": "", "image": 97}}, {"model": "wagtailimages.rendition", "pk": 46, "fields": {"filter_spec": "max-165x165", "file": "images/1a444c44051513.5806426d9f3a8.max-165x165.jpg", "width": 165, "height": 87, "focal_point_key": "", "image": 96}}, {"model": "wagtailimages.rendition", "pk": 47, "fields": {"filter_spec": "max-165x165", "file": "images/0f76e244051513.5c6169a06f165.max-165x165.png", "width": 165, "height": 105, "focal_point_key": "", "image": 95}}, {"model": "wagtailimages.rendition", "pk": 48, "fields": {"filter_spec": "max-165x165", "file": "images/17b63544051513.Y3JvcCw5OTksNzgyLDAsMA.max-165x165.jpg", "width": 165, "height": 129, "focal_point_key": "", "image": 94}}, {"model": "wagtailimages.rendition", "pk": 49, "fields": {"filter_spec": "max-165x165", "file": "images/b981e647094473.586fd459609cb.max-165x165.jpg", "width": 165, "height": 83, "focal_point_key": "", "image": 93}}, {"model": "wagtailimages.rendition", "pk": 50, "fields": {"filter_spec": "max-165x165", "file": "images/a06d7547094473.586fd459604df.max-165x165.jpg", "width": 165, "height": 125, "focal_point_key": "", "image": 92}}, {"model": "wagtailimages.rendition", "pk": 51, "fields": {"filter_spec": "max-165x165", "file": "images/80fb9347094473.586fd4595ffe0.max-165x165.jpg", "width": 81, "height": 165, "focal_point_key": "", "image": 91}}, {"model": "wagtailimages.rendition", "pk": 52, "fields": {"filter_spec": "max-165x165", "file": "images/205e6d47094473.586fd4595fa7d.max-165x165.jpg", "width": 165, "height": 81, "focal_point_key": "", "image": 90}}, {"model": "wagtailimages.rendition", "pk": 53, "fields": {"filter_spec": "max-165x165", "file": "images/9762a347094473.586fd4595f4a2.max-165x165.jpg", "width": 165, "height": 134, "focal_point_key": "", "image": 89}}, {"model": "wagtailimages.rendition", "pk": 54, "fields": {"filter_spec": "max-165x165", "file": "images/58b8d647094473.586fd4595ed5b.max-165x165.jpg", "width": 165, "height": 87, "focal_point_key": "", "image": 88}}, {"model": "wagtailimages.rendition", "pk": 55, "fields": {"filter_spec": "max-165x165", "file": "images/02cc5b47094473.586fd4595e76e.max-165x165.jpg", "width": 165, "height": 125, "focal_point_key": "", "image": 87}}, {"model": "wagtailimages.rendition", "pk": 56, "fields": {"filter_spec": "max-165x165", "file": "images/3e28bb47094473.5c6184e7adcce.max-165x165.png", "width": 165, "height": 105, "focal_point_key": "", "image": 86}}, {"model": "wagtailimages.rendition", "pk": 57, "fields": {"filter_spec": "max-165x165", "file": "images/3d8c8347094473.Y3JvcCwxMDgwLDg0NSwxNTcsMTQ3.max-165x165.jpg", "width": 80, "height": 165, "focal_point_key": "", "image": 85}}, {"model": "wagtailimages.rendition", "pk": 58, "fields": {"filter_spec": "max-165x165", "file": "images/a435e176137415.5c614186abcd0.max-165x165.jpg", "width": 165, "height": 125, "focal_point_key": "", "image": 84}}, {"model": "wagtailimages.rendition", "pk": 59, "fields": {"filter_spec": "max-165x165", "file": "images/26875876137415.5c614186ac442.max-165x165.jpg", "width": 156, "height": 165, "focal_point_key": "", "image": 83}}, {"model": "wagtailimages.rendition", "pk": 60, "fields": {"filter_spec": "max-165x165", "file": "images/80b6d076137415.5c618b1356940.max-165x165.png", "width": 123, "height": 165, "focal_point_key": "", "image": 82}}, {"model": "wagtailimages.rendition", "pk": 61, "fields": {"filter_spec": "max-165x165", "file": "images/40bc6e76137415.5c6145b6bbbb0.max-165x165.png", "width": 165, "height": 82, "focal_point_key": "", "image": 81}}, {"model": "wagtailimages.rendition", "pk": 62, "fields": {"filter_spec": "max-165x165", "file": "images/304bce76137415.5c614186ab6e3.max-165x165.jpg", "width": 165, "height": 137, "focal_point_key": "", "image": 80}}, {"model": "wagtailimages.rendition", "pk": 63, "fields": {"filter_spec": "max-165x165", "file": "images/3178c676137415.5c614186ac6c1.max-165x165.jpg", "width": 153, "height": 165, "focal_point_key": "", "image": 79}}, {"model": "wagtailimages.rendition", "pk": 64, "fields": {"filter_spec": "max-165x165", "file": "images/71477276137415.5c614186ab9c5.max-165x165.jpg", "width": 165, "height": 113, "focal_point_key": "", "image": 78}}, {"model": "wagtailimages.rendition", "pk": 65, "fields": {"filter_spec": "max-165x165", "file": "images/2a2fb176137415.Y3JvcCwxNDAwLDEwOTUsMCw5Nw.max-165x165.png", "width": 123, "height": 165, "focal_point_key": "", "image": 77}}, {"model": "wagtailimages.rendition", "pk": 66, "fields": {"filter_spec": "max-165x165", "file": "images/9180d976189923.5c765a74eb962.max-165x165.png", "width": 165, "height": 109, "focal_point_key": "", "image": 76}}, {"model": "wagtailimages.rendition", "pk": 67, "fields": {"filter_spec": "max-165x165", "file": "images/2e61dd76189923.5c765a74eae98.max-165x165.png", "width": 33, "height": 165, "focal_point_key": "", "image": 75}}, {"model": "wagtailimages.rendition", "pk": 68, "fields": {"filter_spec": "max-165x165", "file": "images/7407c176189923.5c765a74eb4f4.max-165x165.png", "width": 46, "height": 165, "focal_point_key": "", "image": 74}}, {"model": "wagtailimages.rendition", "pk": 69, "fields": {"filter_spec": "max-165x165", "file": "images/57a6dd76189923.5c765a74eb254.max-165x165.png", "width": 165, "height": 119, "focal_point_key": "", "image": 73}}, {"model": "wagtailimages.rendition", "pk": 70, "fields": {"filter_spec": "max-165x165", "file": "images/c58d5476189923.5c765a74ebc1d.max-165x165.png", "width": 95, "height": 165, "focal_point_key": "", "image": 72}}, {"model": "wagtailimages.rendition", "pk": 71, "fields": {"filter_spec": "max-165x165", "file": "images/3d809b76189923.Y3JvcCwxMTU4LDkwNiw4LDA.max-165x165.png", "width": 165, "height": 127, "focal_point_key": "", "image": 71}}, {"model": "wagtailimages.rendition", "pk": 72, "fields": {"filter_spec": "max-165x165", "file": "images/d65dc176652267.5c6fe1aa1b7af.max-165x165.png", "width": 165, "height": 112, "focal_point_key": "", "image": 70}}, {"model": "wagtailimages.rendition", "pk": 73, "fields": {"filter_spec": "max-165x165", "file": "images/f37ef576652267.5c6fe1aa1be1e.max-165x165.png", "width": 68, "height": 165, "focal_point_key": "", "image": 69}}, {"model": "wagtailimages.rendition", "pk": 74, "fields": {"filter_spec": "max-165x165", "file": "images/12ef0e76652267.5c6fe1aa1b4bf.max-165x165.png", "width": 165, "height": 130, "focal_point_key": "", "image": 68}}, {"model": "wagtailimages.rendition", "pk": 75, "fields": {"filter_spec": "max-165x165", "file": "images/779db376652267.5c6fe1aa1b174.max-165x165.png", "width": 165, "height": 75, "focal_point_key": "", "image": 67}}, {"model": "wagtailimages.rendition", "pk": 76, "fields": {"filter_spec": "max-165x165", "file": "images/3bcf4176652267.5c6fe1aa1c1df.max-165x165.png", "width": 165, "height": 158, "focal_point_key": "", "image": 66}}, {"model": "wagtailimages.rendition", "pk": 77, "fields": {"filter_spec": "max-165x165", "file": "images/ed51c476652267.5c6fe1aa1baf6.max-165x165.png", "width": 55, "height": 165, "focal_point_key": "", "image": 65}}, {"model": "wagtailimages.rendition", "pk": 78, "fields": {"filter_spec": "max-165x165", "file": "images/fcf0cf76652267.5c6fe1aa1aae4.max-165x165.png", "width": 156, "height": 165, "focal_point_key": "", "image": 64}}, {"model": "wagtailimages.rendition", "pk": 79, "fields": {"filter_spec": "max-165x165", "file": "images/45b32a76652267.5c6fe1aa1ae1d.max-165x165.png", "width": 165, "height": 84, "focal_point_key": "", "image": 63}}, {"model": "wagtailimages.rendition", "pk": 80, "fields": {"filter_spec": "max-165x165", "file": "images/bf369c76652267.5c6fe1aa1c565.max-165x165.png", "width": 165, "height": 103, "focal_point_key": "", "image": 62}}, {"model": "wagtailimages.rendition", "pk": 81, "fields": {"filter_spec": "max-165x165", "file": "images/d02e8676652267.5c6fe1aa1c8b0.max-165x165.png", "width": 165, "height": 108, "focal_point_key": "", "image": 61}}, {"model": "wagtailimages.rendition", "pk": 82, "fields": {"filter_spec": "max-165x165", "file": "images/79d06c76652267.Y3JvcCwxMzk2LDEwOTIsMjY2LDE1M.max-165x165.png", "width": 55, "height": 165, "focal_point_key": "", "image": 60}}, {"model": "wagtailimages.rendition", "pk": 83, "fields": {"filter_spec": "max-165x165", "file": "images/5b977576195581.5c62b740494de.max-165x165.png", "width": 165, "height": 68, "focal_point_key": "", "image": 59}}, {"model": "wagtailimages.rendition", "pk": 84, "fields": {"filter_spec": "max-165x165", "file": "images/8b6ae276195581.5c62b7404ad6c.max-165x165.png", "width": 165, "height": 158, "focal_point_key": "", "image": 58}}, {"model": "wagtailimages.rendition", "pk": 85, "fields": {"filter_spec": "max-165x165", "file": "images/d528c276195581.5c62b7404b01f.max-165x165.png", "width": 126, "height": 165, "focal_point_key": "", "image": 57}}, {"model": "wagtailimages.rendition", "pk": 86, "fields": {"filter_spec": "max-165x165", "file": "images/66951976195581.5c62b7404a026.max-165x165.png", "width": 65, "height": 165, "focal_point_key": "", "image": 56}}, {"model": "wagtailimages.rendition", "pk": 87, "fields": {"filter_spec": "max-165x165", "file": "images/a9922476195581.5c62b74049af7.max-165x165.png", "width": 165, "height": 93, "focal_point_key": "", "image": 55}}, {"model": "wagtailimages.rendition", "pk": 88, "fields": {"filter_spec": "max-165x165", "file": "images/3b488676195581.5c63f49f4874e.max-165x165.png", "width": 165, "height": 65, "focal_point_key": "", "image": 54}}, {"model": "wagtailimages.rendition", "pk": 89, "fields": {"filter_spec": "max-165x165", "file": "images/91abfc76195581.5c62b7404b794.max-165x165.png", "width": 165, "height": 41, "focal_point_key": "", "image": 53}}, {"model": "wagtailimages.rendition", "pk": 90, "fields": {"filter_spec": "max-165x165", "file": "images/554d7676195581.5c63f0bc2aa78.max-165x165.png", "width": 165, "height": 121, "focal_point_key": "", "image": 52}}, {"model": "wagtailimages.rendition", "pk": 91, "fields": {"filter_spec": "max-165x165", "file": "images/7d64f676195581.5c62b7404a73b.max-165x165.png", "width": 165, "height": 56, "focal_point_key": "", "image": 51}}, {"model": "wagtailimages.rendition", "pk": 92, "fields": {"filter_spec": "max-165x165", "file": "images/3a31a676195581.5c62b7404a449.max-165x165.png", "width": 53, "height": 165, "focal_point_key": "", "image": 50}}, {"model": "wagtailimages.rendition", "pk": 93, "fields": {"filter_spec": "max-165x165", "file": "images/2486bc76195581.5c63f7fd27cc9.max-165x165.png", "width": 165, "height": 146, "focal_point_key": "", "image": 49}}, {"model": "wagtailimages.rendition", "pk": 94, "fields": {"filter_spec": "max-165x165", "file": "images/220fa276195581.5c63f7fd27943.max-165x165.png", "width": 144, "height": 165, "focal_point_key": "", "image": 48}}, {"model": "wagtailimages.rendition", "pk": 95, "fields": {"filter_spec": "max-165x165", "file": "images/e1e92776195581.5c62b7404b3dc.max-165x165.png", "width": 165, "height": 103, "focal_point_key": "", "image": 47}}, {"model": "wagtailimages.rendition", "pk": 96, "fields": {"filter_spec": "max-165x165", "file": "images/d9d15e76195581.Y3JvcCwxMTIzLDg3OCwxMzgsMjQx.max-165x165.png", "width": 165, "height": 146, "focal_point_key": "", "image": 46}}, {"model": "wagtailimages.rendition", "pk": 97, "fields": {"filter_spec": "max-165x165", "file": "images/061cb177112945.5c7e47b8d4cda.max-165x165.png", "width": 108, "height": 165, "focal_point_key": "", "image": 45}}, {"model": "wagtailimages.rendition", "pk": 98, "fields": {"filter_spec": "max-165x165", "file": "images/b0dbe277112945.5c7e47b8d4948.max-165x165.png", "width": 53, "height": 165, "focal_point_key": "", "image": 44}}, {"model": "wagtailimages.rendition", "pk": 99, "fields": {"filter_spec": "max-165x165", "file": "images/1ea2d377112945.5c7e47b8d56f6.max-165x165.png", "width": 68, "height": 165, "focal_point_key": "", "image": 43}}, {"model": "wagtailimages.rendition", "pk": 100, "fields": {"filter_spec": "max-165x165", "file": "images/5ba98c77112945.5c7e47b8d4fff.max-165x165.png", "width": 153, "height": 165, "focal_point_key": "", "image": 42}}, {"model": "wagtailimages.rendition", "pk": 101, "fields": {"filter_spec": "max-165x165", "file": "images/25123477112945.5c7e47b8d533d.max-165x165.png", "width": 165, "height": 113, "focal_point_key": "", "image": 41}}, {"model": "wagtailimages.rendition", "pk": 102, "fields": {"filter_spec": "max-165x165", "file": "images/8f1f7477112945.Y3JvcCwxMjAwLDkzOCwwLDA.max-165x165_WDzGsBm.png", "width": 165, "height": 129, "focal_point_key": "", "image": 40}}, {"model": "wagtailimages.rendition", "pk": 103, "fields": {"filter_spec": "max-165x165", "file": "images/1e07ba76138655.5c6149d2c4f7e.max-165x165_bDBo5yg.png", "width": 165, "height": 133, "focal_point_key": "", "image": 39}}, {"model": "wagtailimages.rendition", "pk": 104, "fields": {"filter_spec": "max-165x165", "file": "images/f8053e76138655.5c6149d2c4156.max-165x165_EySX9gb.png", "width": 121, "height": 165, "focal_point_key": "", "image": 38}}, {"model": "wagtailimages.rendition", "pk": 105, "fields": {"filter_spec": "max-165x165", "file": "images/564ab476138655.5c6149d2c4611.max-165x165_oPefHQp.png", "width": 69, "height": 165, "focal_point_key": "", "image": 37}}, {"model": "wagtailimages.rendition", "pk": 106, "fields": {"filter_spec": "max-165x165", "file": "images/1c1f8476138655.5c614a4910e58.max-165x165_J10bHOw.png", "width": 69, "height": 165, "focal_point_key": "", "image": 36}}, {"model": "wagtailimages.rendition", "pk": 107, "fields": {"filter_spec": "max-165x165", "file": "images/7116a276138655.5c6149d2c4aab.max-165x165_P7xR7St.png", "width": 165, "height": 78, "focal_point_key": "", "image": 35}}, {"model": "wagtailimages.rendition", "pk": 108, "fields": {"filter_spec": "max-165x165", "file": "images/3772b576138655.5c6149d2c556b.max-165x165_LzSkpaq.png", "width": 165, "height": 153, "focal_point_key": "", "image": 34}}, {"model": "wagtailimages.rendition", "pk": 109, "fields": {"filter_spec": "max-165x165", "file": "images/e78f0076138655.5c6149d2c3e57.max-165x165_Zx2v2Le.png", "width": 99, "height": 165, "focal_point_key": "", "image": 33}}, {"model": "wagtailimages.rendition", "pk": 110, "fields": {"filter_spec": "max-165x165", "file": "images/d59f7276138655.5c6149d2c59c7.max-165x165_62GOIN7.png", "width": 117, "height": 165, "focal_point_key": "", "image": 32}}, {"model": "wagtailimages.rendition", "pk": 111, "fields": {"filter_spec": "max-165x165", "file": "images/4d2f7076138655.5c6149d2c526a.max-165x165_h8pamX4.png", "width": 139, "height": 165, "focal_point_key": "", "image": 31}}, {"model": "wagtailimages.rendition", "pk": 112, "fields": {"filter_spec": "max-165x165", "file": "images/f1d08d76138655.5c6149d2c5c14.max-165x165_BXa90S5.png", "width": 165, "height": 109, "focal_point_key": "", "image": 30}}, {"model": "wagtailimages.rendition", "pk": 113, "fields": {"filter_spec": "max-165x165", "file": "images/91177876138655.Y3JvcCwxMTY5LDkxNCwxMTgsNDg5.max-165x165_qgukDNh.png", "width": 99, "height": 165, "focal_point_key": "", "image": 29}}, {"model": "wagtailimages.rendition", "pk": 114, "fields": {"filter_spec": "max-165x165", "file": "images/257cf976191161.5c629cd81aeed.max-165x165_11BOlWO.png", "width": 165, "height": 98, "focal_point_key": "", "image": 28}}, {"model": "wagtailimages.rendition", "pk": 115, "fields": {"filter_spec": "max-165x165", "file": "images/df33fc76191161.5c65378bf1207.max-165x165_7xew7Sp.png", "width": 165, "height": 89, "focal_point_key": "", "image": 27}}, {"model": "wagtailimages.rendition", "pk": 116, "fields": {"filter_spec": "max-165x165", "file": "images/a1128776191161.5c65378bf0e22.max-165x165_sYYPABD.png", "width": 165, "height": 8, "focal_point_key": "", "image": 26}}, {"model": "wagtailimages.rendition", "pk": 117, "fields": {"filter_spec": "max-165x165", "file": "images/b2760776191161.5c6537c90fa41.max-165x165_QlPiVPQ.png", "width": 165, "height": 8, "focal_point_key": "", "image": 25}}, {"model": "wagtailimages.rendition", "pk": 118, "fields": {"filter_spec": "max-165x165", "file": "images/80b07376191161.5c6a85053c6b7.max-165x165_8GoPrrH.png", "width": 165, "height": 93, "focal_point_key": "", "image": 24}}, {"model": "wagtailimages.rendition", "pk": 119, "fields": {"filter_spec": "max-165x165", "file": "images/df631076191161.5c629cd81ba3d.max-165x165_hLMI4mU.png", "width": 162, "height": 165, "focal_point_key": "", "image": 23}}, {"model": "wagtailimages.rendition", "pk": 120, "fields": {"filter_spec": "max-165x165", "file": "images/4cdc9976191161.5c629cd81d0f7.max-165x165_zppAYOa.png", "width": 61, "height": 165, "focal_point_key": "", "image": 22}}, {"model": "wagtailimages.rendition", "pk": 121, "fields": {"filter_spec": "max-165x165", "file": "images/4933b576191161.5c629cd81cac0.max-165x165_hK4w1LF.png", "width": 165, "height": 112, "focal_point_key": "", "image": 21}}, {"model": "wagtailimages.rendition", "pk": 122, "fields": {"filter_spec": "max-165x165", "file": "images/c6cf4376191161.5c62a9f0399e1.max-165x165_kctF9xV.png", "width": 165, "height": 114, "focal_point_key": "", "image": 20}}, {"model": "wagtailimages.rendition", "pk": 123, "fields": {"filter_spec": "max-165x165", "file": "images/e7768876191161.5c629cd81c6df.max-165x165_GP5Nffo.png", "width": 165, "height": 107, "focal_point_key": "", "image": 19}}, {"model": "wagtailimages.rendition", "pk": 124, "fields": {"filter_spec": "max-165x165", "file": "images/e1a58176191161.5c629cd81b4aa.max-165x165_ayPX3UH.png", "width": 165, "height": 61, "focal_point_key": "", "image": 18}}, {"model": "wagtailimages.rendition", "pk": 125, "fields": {"filter_spec": "max-165x165", "file": "images/c5e19576191161.5c629cd81be92.max-165x165_CUW89i6.png", "width": 105, "height": 165, "focal_point_key": "", "image": 17}}, {"model": "wagtailimages.rendition", "pk": 126, "fields": {"filter_spec": "max-165x165", "file": "images/b14ec276191161.5c62a51e297fe.max-165x165_QC9EwvM.png", "width": 126, "height": 165, "focal_point_key": "", "image": 16}}, {"model": "wagtailimages.rendition", "pk": 127, "fields": {"filter_spec": "max-165x165", "file": "images/f66add76191161.5c629cd81c27c.max-165x165_o9LNux7.png", "width": 165, "height": 92, "focal_point_key": "", "image": 15}}, {"model": "wagtailimages.rendition", "pk": 128, "fields": {"filter_spec": "max-165x165", "file": "images/f5486276191161.Y3JvcCwxMzg4LDEwODYsMjY0LDA.max-165x165_8uuqdoT.png", "width": 165, "height": 93, "focal_point_key": "", "image": 14}}, {"model": "wagtailimages.rendition", "pk": 129, "fields": {"filter_spec": "max-165x165", "file": "images/4409e577221571.5c81285ae32ae.max-165x165_Qj8Osxl.png", "width": 165, "height": 120, "focal_point_key": "", "image": 13}}, {"model": "wagtailimages.rendition", "pk": 130, "fields": {"filter_spec": "max-165x165", "file": "images/f6e61b77221571.5c81285ae4086.max-165x165_m0fzv72.png", "width": 73, "height": 165, "focal_point_key": "", "image": 12}}, {"model": "wagtailimages.rendition", "pk": 131, "fields": {"filter_spec": "max-165x165", "file": "images/01ff0177221571.5c81285ae3aba.max-165x165_Ahm0kqP.png", "width": 34, "height": 165, "focal_point_key": "", "image": 11}}, {"model": "wagtailimages.rendition", "pk": 132, "fields": {"filter_spec": "max-165x165", "file": "images/92c38d77221571.5c81285ae3873.max-165x165_PmFTVUc.png", "width": 77, "height": 165, "focal_point_key": "", "image": 10}}, {"model": "wagtailimages.rendition", "pk": 133, "fields": {"filter_spec": "max-165x165", "file": "images/aed1be77221571.5c81285ae3642.max-165x165_tLVN7VR.png", "width": 123, "height": 165, "focal_point_key": "", "image": 9}}, {"model": "wagtailimages.rendition", "pk": 134, "fields": {"filter_spec": "max-165x165", "file": "images/5b2a8277221571.Y3JvcCwxMjAwLDkzOCwwLDA.max-165x165_wOldVSA.png", "width": 165, "height": 129, "focal_point_key": "", "image": 8}}, {"model": "wagtailimages.rendition", "pk": 135, "fields": {"filter_spec": "max-165x165", "file": "images/8d294277894999.5c9507d1a0000.max-165x165_iv6wZCV.png", "width": 156, "height": 165, "focal_point_key": "", "image": 7}}, {"model": "wagtailimages.rendition", "pk": 136, "fields": {"filter_spec": "max-165x165", "file": "images/c762f777894999.5c9507d19f5df.max-165x165_iqtzmzm.png", "width": 78, "height": 165, "focal_point_key": "", "image": 6}}, {"model": "wagtailimages.rendition", "pk": 137, "fields": {"filter_spec": "max-165x165", "file": "images/b5ce2977894999.5c9507d19f9e0.max-165x165_WGVklY3.png", "width": 90, "height": 165, "focal_point_key": "", "image": 5}}, {"model": "wagtailimages.rendition", "pk": 138, "fields": {"filter_spec": "max-165x165", "file": "images/dd0c0977894999.5c9507d1a03f2.max-165x165_zZQsc8Y.png", "width": 106, "height": 165, "focal_point_key": "", "image": 4}}, {"model": "wagtailimages.rendition", "pk": 139, "fields": {"filter_spec": "max-165x165", "file": "images/5fd1e577894999.5c9507d19fcfc.max-165x165_fkKZVIm.png", "width": 165, "height": 107, "focal_point_key": "", "image": 3}}, {"model": "wagtailimages.rendition", "pk": 140, "fields": {"filter_spec": "max-165x165", "file": "images/5faabd77894999.5c9507d19f13a.max-165x165.png", "width": 165, "height": 98, "focal_point_key": "", "image": 2}}, {"model": "wagtailimages.rendition", "pk": 141, "fields": {"filter_spec": "max-165x165", "file": "images/24ea6a77894999.Y3JvcCw3NTQsNTkwLDM3LDE5Mg.max-165x165_haIMZMu.png", "width": 165, "height": 107, "focal_point_key": "", "image": 1}}, {"model": "wagtailimages.rendition", "pk": 142, "fields": {"filter_spec": "fill-200x105", "file": "images/5fd1e577894999.5c9507d19fcfc.2e16d0ba.fill-200x105.png", "width": 200, "height": 105, "focal_point_key": "2e16d0ba", "image": 3}}, {"model": "wagtailimages.rendition", "pk": 143, "fields": {"filter_spec": "fill-200x105", "file": "images/24ea6a77894999.Y3JvcCw3NTQsNTkwLDM.2e16d0ba.fill-200x105.png", "width": 200, "height": 105, "focal_point_key": "2e16d0ba", "image": 1}}, {"model": "wagtailimages.rendition", "pk": 144, "fields": {"filter_spec": "fill-435x200", "file": "images/24ea6a77894999.Y3JvcCw3NTQsNTkwLDM.2e16d0ba.fill-435x200.png", "width": 435, "height": 200, "focal_point_key": "2e16d0ba", "image": 1}}, {"model": "wagtailimages.rendition", "pk": 145, "fields": {"filter_spec": "max-165x165", "file": "images/santander_rio.max-165x165.png", "width": 70, "height": 70, "focal_point_key": "", "image": 136}}, {"model": "wagtailimages.rendition", "pk": 146, "fields": {"filter_spec": "fill-70x70", "file": "images/santander_rio.2e16d0ba.fill-70x70.png", "width": 70, "height": 70, "focal_point_key": "2e16d0ba", "image": 136}}, {"model": "wagtailimages.rendition", "pk": 147, "fields": {"filter_spec": "width-1920", "file": "images/5faabd77894999.5c9507d19f13a.width-1920.png", "width": 1920, "height": 1150, "focal_point_key": "", "image": 2}}, {"model": "wagtailimages.rendition", "pk": 148, "fields": {"filter_spec": "width-1920", "file": "images/5fd1e577894999.5c9507d19fcfc.width-1920.png", "width": 1920, "height": 1255, "focal_point_key": "", "image": 3}}, {"model": "wagtailimages.rendition", "pk": 149, "fields": {"filter_spec": "width-1920", "file": "images/dd0c0977894999.5c9507d1a03f2.width-1920.png", "width": 1920, "height": 2970, "focal_point_key": "", "image": 4}}, {"model": "wagtailimages.rendition", "pk": 150, "fields": {"filter_spec": "width-1920", "file": "images/b5ce2977894999.5c9507d19f9e0.width-1920.png", "width": 1920, "height": 3500, "focal_point_key": "", "image": 5}}, {"model": "wagtailimages.rendition", "pk": 151, "fields": {"filter_spec": "width-1920", "file": "images/c762f777894999.5c9507d19f5df.width-1920.png", "width": 1920, "height": 4045, "focal_point_key": "", "image": 6}}, {"model": "wagtailimages.rendition", "pk": 152, "fields": {"filter_spec": "width-1920", "file": "images/8d294277894999.5c9507d1a0000.width-1920.png", "width": 1920, "height": 2022, "focal_point_key": "", "image": 7}}, {"model": "wagtailimages.rendition", "pk": 153, "fields": {"filter_spec": "fill-435x200", "file": "images/91177876138655.Y3JvcCwxMTY5LDkxNCw.2e16d0ba.fill-435x200.png", "width": 435, "height": 200, "focal_point_key": "2e16d0ba", "image": 29}}, {"model": "wagtailimages.rendition", "pk": 154, "fields": {"filter_spec": "width-1920", "file": "images/f1d08d76138655.5c6149d2c5c14.width-1920.png", "width": 1919, "height": 1268, "focal_point_key": "", "image": 30}}, {"model": "wagtailimages.rendition", "pk": 155, "fields": {"filter_spec": "width-1920", "file": "images/4d2f7076138655.5c6149d2c526a.width-1920.png", "width": 1920, "height": 2270, "focal_point_key": "", "image": 31}}, {"model": "wagtailimages.rendition", "pk": 156, "fields": {"filter_spec": "width-1920", "file": "images/d59f7276138655.5c6149d2c59c7.width-1920.png", "width": 1919, "height": 2692, "focal_point_key": "", "image": 32}}, {"model": "wagtailimages.rendition", "pk": 157, "fields": {"filter_spec": "width-1920", "file": "images/e78f0076138655.5c6149d2c3e57.width-1920.png", "width": 1920, "height": 3169, "focal_point_key": "", "image": 33}}, {"model": "wagtailimages.rendition", "pk": 158, "fields": {"filter_spec": "width-1920", "file": "images/3772b576138655.5c6149d2c556b.width-1920.png", "width": 1920, "height": 1781, "focal_point_key": "", "image": 34}}, {"model": "wagtailimages.rendition", "pk": 159, "fields": {"filter_spec": "width-1920", "file": "images/7116a276138655.5c6149d2c4aab.width-1920.png", "width": 1920, "height": 918, "focal_point_key": "", "image": 35}}, {"model": "wagtailimages.rendition", "pk": 160, "fields": {"filter_spec": "width-1920", "file": "images/1c1f8476138655.5c614a4910e58.width-1920.png", "width": 1920, "height": 4565, "focal_point_key": "", "image": 36}}, {"model": "wagtailimages.rendition", "pk": 161, "fields": {"filter_spec": "width-1920", "file": "images/564ab476138655.5c6149d2c4611.width-1920.png", "width": 1920, "height": 4573, "focal_point_key": "", "image": 37}}, {"model": "wagtailimages.rendition", "pk": 162, "fields": {"filter_spec": "width-1920", "file": "images/f8053e76138655.5c6149d2c4156.width-1920.png", "width": 1920, "height": 2617, "focal_point_key": "", "image": 38}}, {"model": "wagtailimages.rendition", "pk": 163, "fields": {"filter_spec": "width-1920", "file": "images/1e07ba76138655.5c6149d2c4f7e.width-1920.png", "width": 1920, "height": 1549, "focal_point_key": "", "image": 39}}, {"model": "wagtailimages.rendition", "pk": 164, "fields": {"filter_spec": "width-1440", "file": "images/5fd1e577894999.5c9507d19fcfc.width-1440.png", "width": 1440, "height": 941, "focal_point_key": "", "image": 3}}, {"model": "wagtailimages.rendition", "pk": 165, "fields": {"filter_spec": "max-165x165", "file": "images/bump-collaboration-colleagues-1068523.max-165x165.jpg", "width": 165, "height": 107, "focal_point_key": "", "image": 137}}, {"model": "wagtailimages.rendition", "pk": 166, "fields": {"filter_spec": "fill-200x105", "file": "images/bump-collaboration-colleagues-1068.2e16d0ba.fill-200x105.jpg", "width": 200, "height": 105, "focal_point_key": "2e16d0ba", "image": 137}}, {"model": "wagtailimages.rendition", "pk": 167, "fields": {"filter_spec": "fill-1200x300", "file": "images/bump-collaboration-colleagues-106.2e16d0ba.fill-1200x300.jpg", "width": 1200, "height": 300, "focal_point_key": "2e16d0ba", "image": 137}}, {"model": "wagtailimages.rendition", "pk": 168, "fields": {"filter_spec": "fill-1200x300", "file": "images/5fd1e577894999.5c9507d19fcfc.2e16d0ba.fill-1200x300.png", "width": 1200, "height": 300, "focal_point_key": "2e16d0ba", "image": 3}}, {"model": "wagtailimages.rendition", "pk": 169, "fields": {"filter_spec": "max-165x165", "file": "images/year2_hero_blog_notext.f44ca8609585ba611e127.max-165x165.jpg", "width": 165, "height": 92, "focal_point_key": "", "image": 138}}, {"model": "wagtailimages.rendition", "pk": 170, "fields": {"filter_spec": "fill-1200x300", "file": "images/year2_hero_blog_notext.f44ca86095.2e16d0ba.fill-1200x300.jpg", "width": 1200, "height": 300, "focal_point_key": "2e16d0ba", "image": 138}}, {"model": "wagtailimages.rendition", "pk": 171, "fields": {"filter_spec": "width-1600", "file": "images/year2_hero_blog_notext.f44ca8609585ba611e1277.width-1600.jpg", "width": 1600, "height": 900, "focal_point_key": "", "image": 138}}, {"model": "wagtailimages.rendition", "pk": 172, "fields": {"filter_spec": "width-1300", "file": "images/year2_hero_blog_notext.f44ca8609585ba611e1277.width-1300.jpg", "width": 1300, "height": 731, "focal_point_key": "", "image": 138}}, {"model": "wagtailimages.rendition", "pk": 173, "fields": {"filter_spec": "width-1400", "file": "images/year2_hero_blog_notext.f44ca8609585ba611e1277.width-1400.jpg", "width": 1400, "height": 787, "focal_point_key": "", "image": 138}}, {"model": "wagtailimages.rendition", "pk": 174, "fields": {"filter_spec": "fill-260x205", "file": "images/24ea6a77894999.Y3JvcCw3NTQsNTkwLDM.2e16d0ba.fill-260x205.png", "width": 260, "height": 205, "focal_point_key": "2e16d0ba", "image": 1}}, {"model": "wagtailimages.rendition", "pk": 175, "fields": {"filter_spec": "fill-260x205", "file": "images/91177876138655.Y3JvcCwxMTY5LDkxNCw.2e16d0ba.fill-260x205.png", "width": 260, "height": 205, "focal_point_key": "2e16d0ba", "image": 29}}, {"model": "wagtailimages.rendition", "pk": 176, "fields": {"filter_spec": "original", "file": "images/91177876138655.Y3JvcCwxMTY5LDkxNCwxMTgsNDg5.original.png", "width": 1400, "height": 2311, "focal_point_key": "", "image": 29}}, {"model": "wagtailimages.rendition", "pk": 177, "fields": {"filter_spec": "max-800x600", "file": "images/91177876138655.Y3JvcCwxMTY5LDkxNCwxMTgsNDg5.max-800x600.png", "width": 363, "height": 600, "focal_point_key": "", "image": 29}}, {"model": "wagtailimages.rendition", "pk": 178, "fields": {"filter_spec": "fill-260x205", "file": "images/91177876138655.Y3JvcCwxMTY5LDkxNCw.d37939b2.fill-260x205.png", "width": 260, "height": 205, "focal_point_key": "d37939b2", "image": 29}}, {"model": "wagtailimages.rendition", "pk": 179, "fields": {"filter_spec": "width-1440", "file": "images/year2_hero_blog_notext.f44ca8609585ba611e1277.width-1440.jpg", "width": 1440, "height": 810, "focal_point_key": "", "image": 138}}, {"model": "wagtailimages.rendition", "pk": 180, "fields": {"filter_spec": "width-1400", "file": "images/bump-collaboration-colleagues-1068523.width-1400.jpg", "width": 1400, "height": 915, "focal_point_key": "", "image": 137}}, {"model": "wagtailimages.rendition", "pk": 181, "fields": {"filter_spec": "width-1440", "file": "images/91177876138655.Y3JvcCwxMTY5LDkxNCwxMTgsNDg5.width-1440.png", "width": 1400, "height": 2311, "focal_point_key": "", "image": 29}}, {"model": "wagtailimages.rendition", "pk": 182, "fields": {"filter_spec": "width-748", "file": "images/bump-collaboration-colleagues-1068523.width-748.jpg", "width": 748, "height": 489, "focal_point_key": "", "image": 137}}, {"model": "wagtailimages.rendition", "pk": 183, "fields": {"filter_spec": "width-748", "file": "images/91177876138655.Y3JvcCwxMTY5LDkxNCwxMTgsNDg5.width-748.png", "width": 748, "height": 1234, "focal_point_key": "", "image": 29}}, {"model": "wagtailimages.rendition", "pk": 184, "fields": {"filter_spec": "width-748", "file": "images/5fd1e577894999.5c9507d19fcfc.width-748.png", "width": 748, "height": 488, "focal_point_key": "", "image": 3}}, {"model": "wagtailcore.site", "pk": 1, "fields": {"hostname": "localhost", "port": 8000, "site_name": "Agencia Ego", "root_page": 2, "is_default_site": true}}, {"model": "wagtailcore.collection", "pk": 1, "fields": {"path": "0001", "depth": 1, "numchild": 2, "name": "Root"}}, {"model": "wagtailcore.collection", "pk": 2, "fields": {"path": "00010001", "depth": 2, "numchild": 0, "name": "Behance"}}, {"model": "wagtailcore.collection", "pk": 3, "fields": {"path": "00010002", "depth": 2, "numchild": 0, "name": "Logos"}}, {"model": "taggit.tag", "pk": 1, "fields": {"name": "rocket league", "slug": "rocket-league"}}, {"model": "taggit.tag", "pk": 2, "fields": {"name": "soccer", "slug": "soccer"}}, {"model": "taggit.tag", "pk": 3, "fields": {"name": "car", "slug": "car"}}, {"model": "contenttypes.contenttype", "pk": 1, "fields": {"app_label": "wagtailcore", "model": "page"}}, {"model": "contenttypes.contenttype", "pk": 2, "fields": {"app_label": "wagtailimages", "model": "image"}}, {"model": "contenttypes.contenttype", "pk": 3, "fields": {"app_label": "wagtailadmin", "model": "admin"}}, {"model": "contenttypes.contenttype", "pk": 4, "fields": {"app_label": "wagtaildocs", "model": "document"}}, {"model": "contenttypes.contenttype", "pk": 5, "fields": {"app_label": "home", "model": "homepage"}}, {"model": "contenttypes.contenttype", "pk": 6, "fields": {"app_label": "behance", "model": "behanceproject"}}, {"model": "contenttypes.contenttype", "pk": 7, "fields": {"app_label": "behance", "model": "behanceprojectlistingpage"}}, {"model": "contenttypes.contenttype", "pk": 8, "fields": {"app_label": "behance", "model": "behanceprojectmodule"}}, {"model": "contenttypes.contenttype", "pk": 9, "fields": {"app_label": "behance", "model": "client"}}, {"model": "contenttypes.contenttype", "pk": 10, "fields": {"app_label": "behance", "model": "behanceprojectpage"}}, {"model": "contenttypes.contenttype", "pk": 11, "fields": {"app_label": "employees", "model": "employee"}}, {"model": "contenttypes.contenttype", "pk": 12, "fields": {"app_label": "core", "model": "basepage"}}, {"model": "contenttypes.contenttype", "pk": 13, "fields": {"app_label": "wagtailforms", "model": "formsubmission"}}, {"model": "contenttypes.contenttype", "pk": 14, "fields": {"app_label": "wagtailredirects", "model": "redirect"}}, {"model": "contenttypes.contenttype", "pk": 15, "fields": {"app_label": "wagtailembeds", "model": "embed"}}, {"model": "contenttypes.contenttype", "pk": 16, "fields": {"app_label": "wagtailusers", "model": "userprofile"}}, {"model": "contenttypes.contenttype", "pk": 17, "fields": {"app_label": "wagtailimages", "model": "rendition"}}, {"model": "contenttypes.contenttype", "pk": 18, "fields": {"app_label": "wagtailsearch", "model": "query"}}, {"model": "contenttypes.contenttype", "pk": 19, "fields": {"app_label": "wagtailsearch", "model": "querydailyhits"}}, {"model": "contenttypes.contenttype", "pk": 20, "fields": {"app_label": "wagtailcore", "model": "grouppagepermission"}}, {"model": "contenttypes.contenttype", "pk": 21, "fields": {"app_label": "wagtailcore", "model": "pagerevision"}}, {"model": "contenttypes.contenttype", "pk": 22, "fields": {"app_label": "wagtailcore", "model": "pageviewrestriction"}}, {"model": "contenttypes.contenttype", "pk": 23, "fields": {"app_label": "wagtailcore", "model": "site"}}, {"model": "contenttypes.contenttype", "pk": 24, "fields": {"app_label": "wagtailcore", "model": "collection"}}, {"model": "contenttypes.contenttype", "pk": 25, "fields": {"app_label": "wagtailcore", "model": "groupcollectionpermission"}}, {"model": "contenttypes.contenttype", "pk": 26, "fields": {"app_label": "wagtailcore", "model": "collectionviewrestriction"}}, {"model": "contenttypes.contenttype", "pk": 27, "fields": {"app_label": "taggit", "model": "tag"}}, {"model": "contenttypes.contenttype", "pk": 28, "fields": {"app_label": "taggit", "model": "taggeditem"}}, {"model": "contenttypes.contenttype", "pk": 29, "fields": {"app_label": "admin", "model": "logentry"}}, {"model": "contenttypes.contenttype", "pk": 30, "fields": {"app_label": "auth", "model": "permission"}}, {"model": "contenttypes.contenttype", "pk": 31, "fields": {"app_label": "auth", "model": "group"}}, {"model": "contenttypes.contenttype", "pk": 32, "fields": {"app_label": "auth", "model": "user"}}, {"model": "contenttypes.contenttype", "pk": 33, "fields": {"app_label": "contenttypes", "model": "contenttype"}}, {"model": "contenttypes.contenttype", "pk": 34, "fields": {"app_label": "sessions", "model": "session"}}, {"model": "contenttypes.contenttype", "pk": 35, "fields": {"app_label": "blog", "model": "bloglistingpage"}}, {"model": "contenttypes.contenttype", "pk": 36, "fields": {"app_label": "blog", "model": "blogpage"}}, {"model": "contenttypes.contenttype", "pk": 37, "fields": {"app_label": "jobs", "model": "jobslistingpage"}}, {"model": "contenttypes.contenttype", "pk": 38, "fields": {"app_label": "jobs", "model": "jobpage"}}, {"model": "contenttypes.contenttype", "pk": 39, "fields": {"app_label": "menus", "model": "menu"}}, {"model": "contenttypes.contenttype", "pk": 40, "fields": {"app_label": "menus", "model": "menuitem"}}, {"model": "contenttypes.contenttype", "pk": 41, "fields": {"app_label": "core", "model": "projectdiscoverypage"}}, {"model": "contenttypes.contenttype", "pk": 42, "fields": {"app_label": "core", "model": "servicespage"}}, {"model": "contenttypes.contenttype", "pk": 43, "fields": {"app_label": "core", "model": "aboutpage"}}, {"model": "contenttypes.contenttype", "pk": 44, "fields": {"app_label": "blog", "model": "blogpagelink"}}, {"model": "sessions.session", "pk": "25o3m1k5x1v46p4924knmyw8ybnxjv34", "fields": {"session_data": "M2M3MGMwMDFlMzkwMDRlMjg2ZmY4OWMyNjBhZGZjMjY0ZWUyOGFhMDp7Il9hdXRoX3VzZXJfaWQiOiIxIiwiX2F1dGhfdXNlcl9iYWNrZW5kIjoiZGphbmdvLmNvbnRyaWIuYXV0aC5iYWNrZW5kcy5Nb2RlbEJhY2tlbmQiLCJfYXV0aF91c2VyX2hhc2giOiJjMDI5ZWMzMWFmODZlMzJiYmI2MDM0NjdlY2IwMWU0ZTk5NmMzZTZkIiwid2FndGFpbC1wcmV2aWV3LTEzIjpbImNzcmZtaWRkbGV3YXJldG9rZW49UkdoTlVHMVlvM1hyZ1JNZkRvemEzNVptWXpLTXpLSmpieEU0T1FGSkZCVXJNSU10clcyNVlhTGxsQW5XTGtNZCZuZXh0PSZ0aXRsZT1Sb2NrZXQrTGVhZ3VlJmNvdmVyPTEzOCZzaG9ydF9kZXNjcmlwdGlvbj0mbGlrZXM9OTY0JmNvbnRlbnQtY291bnQ9MTAmY29udGVudC0wLWRlbGV0ZWQ9JmNvbnRlbnQtMC1vcmRlcj0wJmNvbnRlbnQtMC10eXBlPXRpdGxlJmNvbnRlbnQtMC1pZD0xMDZlZGJhNi1mYTlhLTQwNDEtODIyOC1mODQwZDU5MmYxMTQmY29udGVudC0wLXZhbHVlLXRpdGxlPVJvY2tldCtMZWFndWUmY29udGVudC0xLWRlbGV0ZWQ9JmNvbnRlbnQtMS1vcmRlcj0xJmNvbnRlbnQtMS10eXBlPXRpdGxlX2ltYWdlJmNvbnRlbnQtMS1pZD0xNWJlMjc3MC00ZDA2LTQwN2YtOWI3YS0yNDI1MzJjMTQzOTUmY29udGVudC0xLXZhbHVlLWltYWdlPTEzOCZjb250ZW50LTEtdmFsdWUtY2FwdGlvbj1VbmEraW1hZ2VuK2RlYmFqbytkZWwrdCVDMyVBRHR1bG8mY29udGVudC0yLWRlbGV0ZWQ9JmNvbnRlbnQtMi1vcmRlcj0yJmNvbnRlbnQtMi10eXBlPXRleHQmY29udGVudC0yLWlkPTE3MGM0N2I5LTY1ZTItNGU0YS1hMDY3LWY2Mjk2NDExMmQxMiZjb250ZW50LTItdmFsdWU9JTdCJTIyYmxvY2tzJTIyJTNBJTVCJTdCJTIya2V5JTIyJTNBJTIyZzNtdnglMjIlMkMlMjJ0ZXh0JTIyJTNBJTIyRXN0ZStqdWVnbyt0aWVuZSUzQSUyMiUyQyUyMnR5cGUlMjIlM0ElMjJ1bnN0eWxlZCUyMiUyQyUyMmRlcHRoJTIyJTNBMCUyQyUyMmlubGluZVN0eWxlUmFuZ2VzJTIyJTNBJTVCJTVEJTJDJTIyZW50aXR5UmFuZ2VzJTIyJTNBJTVCJTVEJTJDJTIyZGF0YSUyMiUzQSU3QiU3RCU3RCUyQyU3QiUyMmtleSUyMiUzQSUyMnFmN2hyJTIyJTJDJTIydGV4dCUyMiUzQSUyMmRpdmVyc2lvbiUyMiUyQyUyMnR5cGUlMjIlM0ElMjJ1bm9yZGVyZWQtbGlzdC1pdGVtJTIyJTJDJTIyZGVwdGglMjIlM0EwJTJDJTIyaW5saW5lU3R5bGVSYW5nZXMlMjIlM0ElNUIlNUQlMkMlMjJlbnRpdHlSYW5nZXMlMjIlM0ElNUIlN0IlMjJvZmZzZXQlMjIlM0EwJTJDJTIybGVuZ3RoJTIyJTNBOSUyQyUyMmtleSUyMiUzQTAlN0QlNUQlMkMlMjJkYXRhJTIyJTNBJTdCJTdEJTdEJTJDJTdCJTIya2V5JTIyJTNBJTIyeWd1bHIlMjIlMkMlMjJ0ZXh0JTIyJTNBJTIyYnVlbm9zK2dyYWZpY29zJTIyJTJDJTIydHlwZSUyMiUzQSUyMnVub3JkZXJlZC1saXN0LWl0ZW0lMjIlMkMlMjJkZXB0aCUyMiUzQTAlMkMlMjJpbmxpbmVTdHlsZVJhbmdlcyUyMiUzQSU1QiU1RCUyQyUyMmVudGl0eVJhbmdlcyUyMiUzQSU1QiU1RCUyQyUyMmRhdGElMjIlM0ElN0IlN0QlN0QlMkMlN0IlMjJrZXklMjIlM0ElMjJ4Ymk2dyUyMiUyQyUyMnRleHQlMjIlM0ElMjJwcmVjaW8rYWNjZXNpYmxlJTIyJTJDJTIydHlwZSUyMiUzQSUyMnVub3JkZXJlZC1saXN0LWl0ZW0lMjIlMkMlMjJkZXB0aCUyMiUzQTAlMkMlMjJpbmxpbmVTdHlsZVJhbmdlcyUyMiUzQSU1QiU1RCUyQyUyMmVudGl0eVJhbmdlcyUyMiUzQSU1QiU1RCUyQyUyMmRhdGElMjIlM0ElN0IlN0QlN0QlNUQlMkMlMjJlbnRpdHlNYXAlMjIlM0ElN0IlMjIwJTIyJTNBJTdCJTIydHlwZSUyMiUzQSUyMkxJTkslMjIlMkMlMjJtdXRhYmlsaXR5JTIyJTNBJTIyTVVUQUJMRSUyMiUyQyUyMmRhdGElMjIlM0ElN0IlMjJ1cmwlMjIlM0ElMjJodHRwcyUzQSUyRiUyRm1lZGlhLmdpcGh5LmNvbSUyRm1lZGlhJTJGejVLaXA4b0VDYThvMCUyRmdpcGh5LmdpZiUyMiU3RCU3RCU3RCU3RCZjb250ZW50LTMtZGVsZXRlZD0mY29udGVudC0zLW9yZGVyPTMmY29udGVudC0zLXR5cGU9ZndfaW1hZ2UmY29udGVudC0zLWlkPTFmMmY4ZDVjLTY3YmEtNDZkNS1iMTg5LWVkNWRjYzEyMDgwZSZjb250ZW50LTMtdmFsdWUtaW1hZ2U9MTM4JmNvbnRlbnQtMy12YWx1ZS1jYXB0aW9uPUVzdGEraW1hZ2VuK2VzK2Z1bGwrd2lkdGgmY29udGVudC00LWRlbGV0ZWQ9JmNvbnRlbnQtNC1vcmRlcj00JmNvbnRlbnQtNC10eXBlPXN1YnRpdGxlJmNvbnRlbnQtNC1pZD04ZDkyNzRmOS1iYWU5LTQyYmItOThmYy1jZmZkYjVjNGRjYTgmY29udGVudC00LXZhbHVlLXN1YnRpdGxlPUVsK21lam9yK2Utc3BvcnQrZGUrdG9kb3MrbG9zK3RpZW1wb3MlM0YmY29udGVudC01LWRlbGV0ZWQ9JmNvbnRlbnQtNS1vcmRlcj01JmNvbnRlbnQtNS10eXBlPXRleHQmY29udGVudC01LWlkPTZmOGYwNWI5LTNhYWQtNGI1NC04ZjRiLWExYjQyZDMxMTYxNyZjb250ZW50LTUtdmFsdWU9JTdCJTIyYmxvY2tzJTIyJTNBJTVCJTdCJTIya2V5JTIyJTNBJTIydmNmZjglMjIlMkMlMjJ0ZXh0JTIyJTNBJTIyVGFsK3Zlei4uLiUyMiUyQyUyMnR5cGUlMjIlM0ElMjJ1bnN0eWxlZCUyMiUyQyUyMmRlcHRoJTIyJTNBMCUyQyUyMmlubGluZVN0eWxlUmFuZ2VzJTIyJTNBJTVCJTVEJTJDJTIyZW50aXR5UmFuZ2VzJTIyJTNBJTVCJTVEJTJDJTIyZGF0YSUyMiUzQSU3QiU3RCU3RCU1RCUyQyUyMmVudGl0eU1hcCUyMiUzQSU3QiU3RCU3RCZjb250ZW50LTYtZGVsZXRlZD0mY29udGVudC02LW9yZGVyPTYmY29udGVudC02LXR5cGU9dmlkZW8mY29udGVudC02LWlkPTIwZmEzNTk4LTk3MzctNDdjMy05NjNhLTY5YThmYmY4NGM3MCZjb250ZW50LTYtdmFsdWUteW91dHViZV92aWRlb19pZD1LTkc3cjFuNkprOCZjb250ZW50LTctZGVsZXRlZD0mY29udGVudC03LW9yZGVyPTcmY29udGVudC03LXR5cGU9cXVvdGUmY29udGVudC03LWlkPTJiZTJhNTIxLTQyMWUtNGYzMC1hMzdjLTI3MzQ1ZmYxNzM2ZiZjb250ZW50LTctdmFsdWUtdGV4dD1KdXN0aW4lMjErSnVzdGluJTIxK1RISVMrSVMrUk9DS0VUK0xFQUdVRSUyMSZjb250ZW50LTgtZGVsZXRlZD0mY29udGVudC04LW9yZGVyPTgmY29udGVudC04LXR5cGU9dGV4dF9pbWFnZSZjb250ZW50LTgtaWQ9ZTE5MGQwMjMtYjZiMS00YWUzLWE2YTItM2E4MTYyYjdlYWNkJmNvbnRlbnQtOC12YWx1ZS1pbWFnZT0xMzgmY29udGVudC04LXZhbHVlLWNhcHRpb249RXN0YStpbWFnZW4rZXN0YSthZGFwdGFkYSthK2xhK2NhamEmY29udGVudC05LWRlbGV0ZWQ9JmNvbnRlbnQtOS1vcmRlcj05JmNvbnRlbnQtOS10eXBlPXByb2plY3QmY29udGVudC05LWlkPWI1NjUwYzhjLTQ5NGQtNDFlNi04Yzg0LThiZTY1MTRjYzIwYSZjb250ZW50LTktdmFsdWUtcHJvamVjdD0xMSZzbHVnPXJvY2tldC1sZWFndWUmc2VvX3RpdGxlPSZzZWFyY2hfZGVzY3JpcHRpb249JmdvX2xpdmVfYXQ9JmV4cGlyZV9hdD0iLDE1NTkxNDI4ODAuMDI3NTQ5XSwid2FndGFpbC1wcmV2aWV3LTE0IjpbImNzcmZtaWRkbGV3YXJldG9rZW49YUhwQ1plWHNkTE5ORDNZWUJCWUF6Q0dZRWQ1dXlQQTR1eU1UVG9CZHVqS045VVljcDlydnVIc1gxZUlFS3BEWSZuZXh0PSZ0aXRsZT1GdWxsLXN0YWNrK0RldmVsb3BlcitTZW1pK1NlbmlvciZjb3Zlcj0xMzcmc2hvcnRfZGVzY3JpcHRpb249c3RhbW9zK2J1c2NhbmRvK2Rlc2Fycm9sbGFkb3IrY29uK2hhYmlsaWRhZGVzK2RlK2Z1bGwtc3RhY2srcXVlK3F1aWVyYStzdW1hcnNlK2FsK2VxdWlwbyt5K2VuZnJlbnRhcitudWV2b3MrZGVzYWYlQzMlQURvcytxdWUrcmVhbG1lbnRlK2FncmVndWVuK3ZhbG9yK2Erc3UrY2FycmVyYStwcm9mZXNpb25hbC4mY29udGVudC1jb3VudD02JmNvbnRlbnQtMC1kZWxldGVkPSZjb250ZW50LTAtb3JkZXI9MCZjb250ZW50LTAtdHlwZT10aXRsZSZjb250ZW50LTAtaWQ9YzEwYThlZTUtZjA4Ny00Y2UwLWFmM2EtNzUzNGIyZWIwMGE4JmNvbnRlbnQtMC12YWx1ZS10aXRsZT1GdWxsLXN0YWNrK2RldmVsb3BlcitzZW1pK3NlbmlvciZjb250ZW50LTEtZGVsZXRlZD0mY29udGVudC0xLW9yZGVyPTEmY29udGVudC0xLXR5cGU9dGV4dF9pbWFnZSZjb250ZW50LTEtaWQ9OTY0NDA5OTYtYmYxMy00MGYzLThiYmUtODgyYzZiNzQ0MzdkJmNvbnRlbnQtMS12YWx1ZS1pbWFnZT0xMzcmY29udGVudC0xLXZhbHVlLWNhcHRpb249JmNvbnRlbnQtMi1kZWxldGVkPSZjb250ZW50LTItb3JkZXI9MiZjb250ZW50LTItdHlwZT10ZXh0JmNvbnRlbnQtMi1pZD1lZDZlZDZlNi0xMDNmLTQ3YTktOGE3ZS1mMTUxNWUwOWQxNzYmY29udGVudC0yLXZhbHVlPSU3QiUyMmJsb2NrcyUyMiUzQSU1QiU3QiUyMmtleSUyMiUzQSUyMmt5cG16JTIyJTJDJTIydGV4dCUyMiUzQSUyMkVzdGFtb3MrYnVzY2FuZG8rZGVzYXJyb2xsYWRvcitjb24raGFiaWxpZGFkZXMrZGUrZnVsbC1zdGFjaytxdWUrcXVpZXJhK3N1bWFyc2UrYWwrZXF1aXBvK3krZW5mcmVudGFyK251ZXZvcytkZXNhZiVDMyVBRG9zK3F1ZStyZWFsbWVudGUrYWdyZWd1ZW4rdmFsb3IrYStzdStjYXJyZXJhK3Byb2Zlc2lvbmFsLiUyMiUyQyUyMnR5cGUlMjIlM0ElMjJ1bnN0eWxlZCUyMiUyQyUyMmRlcHRoJTIyJTNBMCUyQyUyMmlubGluZVN0eWxlUmFuZ2VzJTIyJTNBJTVCJTVEJTJDJTIyZW50aXR5UmFuZ2VzJTIyJTNBJTVCJTVEJTJDJTIyZGF0YSUyMiUzQSU3QiU3RCU3RCUyQyU3QiUyMmtleSUyMiUzQSUyMnZobWMwJTIyJTJDJTIydGV4dCUyMiUzQSUyMkVsK3JvbCtyZXF1aWVyZStyZXNwb25zYWJpbGlkYWQlMkMrcHJvYWN0aXZpZGFkJTJDK3RyYWJham8rZW4rZXF1aXBvK3krZ2FuYXMrZGUrY3JlY2VyK3Byb2Zlc2lvbmFsbWVudGUuJTIyJTJDJTIydHlwZSUyMiUzQSUyMnVuc3R5bGVkJTIyJTJDJTIyZGVwdGglMjIlM0EwJTJDJTIyaW5saW5lU3R5bGVSYW5nZXMlMjIlM0ElNUIlNUQlMkMlMjJlbnRpdHlSYW5nZXMlMjIlM0ElNUIlNUQlMkMlMjJkYXRhJTIyJTNBJTdCJTdEJTdEJTVEJTJDJTIyZW50aXR5TWFwJTIyJTNBJTdCJTdEJTdEJmNvbnRlbnQtMy1kZWxldGVkPSZjb250ZW50LTMtb3JkZXI9MyZjb250ZW50LTMtdHlwZT1zdWJ0aXRsZSZjb250ZW50LTMtaWQ9ZDI4MzRjMzEtOWRiNS00Zjg3LWEzNjMtOTMwN2U1NjgzMDk2JmNvbnRlbnQtMy12YWx1ZS1zdWJ0aXRsZT1IYWJpbGlkYWRlcyt0JUMzJUE5Y25pY2FzJmNvbnRlbnQtNC1kZWxldGVkPSZjb250ZW50LTQtb3JkZXI9NCZjb250ZW50LTQtdHlwZT10ZXh0JmNvbnRlbnQtNC1pZD0zYjg3MTY3Mi1hZTA2LTRkOGQtYWNiOC0xYjdhZmUzMWNmZTQmY29udGVudC00LXZhbHVlPSU3QiUyMmJsb2NrcyUyMiUzQSU1QiU3QiUyMmtleSUyMiUzQSUyMmUzY3FwJTIyJTJDJTIydGV4dCUyMiUzQSUyMkRvbWluaW8rZGUrUEhQKyUyOE1hbmVqbytkZStMYXJhdmVsK2VzK3VuK3BsdXMlMjklMjIlMkMlMjJ0eXBlJTIyJTNBJTIydW5vcmRlcmVkLWxpc3QtaXRlbSUyMiUyQyUyMmRlcHRoJTIyJTNBMCUyQyUyMmlubGluZVN0eWxlUmFuZ2VzJTIyJTNBJTVCJTVEJTJDJTIyZW50aXR5UmFuZ2VzJTIyJTNBJTVCJTVEJTJDJTIyZGF0YSUyMiUzQSU3QiU3RCU3RCUyQyU3QiUyMmtleSUyMiUzQSUyMm1raTBsJTIyJTJDJTIydGV4dCUyMiUzQSUyMkRvbWluaW8rZGUrTXlTUUwlMjIlMkMlMjJ0eXBlJTIyJTNBJTIydW5vcmRlcmVkLWxpc3QtaXRlbSUyMiUyQyUyMmRlcHRoJTIyJTNBMCUyQyUyMmlubGluZVN0eWxlUmFuZ2VzJTIyJTNBJTVCJTVEJTJDJTIyZW50aXR5UmFuZ2VzJTIyJTNBJTVCJTVEJTJDJTIyZGF0YSUyMiUzQSU3QiU3RCU3RCUyQyU3QiUyMmtleSUyMiUzQSUyMmJ4aGk1JTIyJTJDJTIydGV4dCUyMiUzQSUyMk1hbmVqbytkZSthcnF1aXRlY3R1cmErTVZDJTIyJTJDJTIydHlwZSUyMiUzQSUyMnVub3JkZXJlZC1saXN0LWl0ZW0lMjIlMkMlMjJkZXB0aCUyMiUzQTAlMkMlMjJpbmxpbmVTdHlsZVJhbmdlcyUyMiUzQSU1QiU1RCUyQyUyMmVudGl0eVJhbmdlcyUyMiUzQSU1QiU1RCUyQyUyMmRhdGElMjIlM0ElN0IlN0QlN0QlMkMlN0IlMjJrZXklMjIlM0ElMjIwcWZlNiUyMiUyQyUyMnRleHQlMjIlM0ElMjJDb25vY2ltaWVudG9zK2RlK3NlcnZpY2lvcytSRVNUJTIyJTJDJTIydHlwZSUyMiUzQSUyMnVub3JkZXJlZC1saXN0LWl0ZW0lMjIlMkMlMjJkZXB0aCUyMiUzQTAlMkMlMjJpbmxpbmVTdHlsZVJhbmdlcyUyMiUzQSU1QiU1RCUyQyUyMmVudGl0eVJhbmdlcyUyMiUzQSU1QiU1RCUyQyUyMmRhdGElMjIlM0ElN0IlN0QlN0QlMkMlN0IlMjJrZXklMjIlM0ElMjJtb2ZjbSUyMiUyQyUyMnRleHQlMjIlM0ElMjJGYW1pbGlhcml6YWRvK2NvbitlbCt1c28rZGUraGVycmFtaWVudGFzK2NvbW8rR2l0SHViJTJDK0NvbXBvc2VyJTJDK0Jvd2VyJTJDK0d1bHAuJTIyJTJDJTIydHlwZSUyMiUzQSUyMnVub3JkZXJlZC1saXN0LWl0ZW0lMjIlMkMlMjJkZXB0aCUyMiUzQTAlMkMlMjJpbmxpbmVTdHlsZVJhbmdlcyUyMiUzQSU1QiU1RCUyQyUyMmVudGl0eVJhbmdlcyUyMiUzQSU1QiU1RCUyQyUyMmRhdGElMjIlM0ElN0IlN0QlN0QlMkMlN0IlMjJrZXklMjIlM0ElMjJyOTFsMiUyMiUyQyUyMnRleHQlMjIlM0ElMjJDU1MrJTI4c2Fzcytlcyt1bitwbHVzJTI5JTIyJTJDJTIydHlwZSUyMiUzQSUyMnVub3JkZXJlZC1saXN0LWl0ZW0lMjIlMkMlMjJkZXB0aCUyMiUzQTAlMkMlMjJpbmxpbmVTdHlsZVJhbmdlcyUyMiUzQSU1QiU1RCUyQyUyMmVudGl0eVJhbmdlcyUyMiUzQSU1QiU1RCUyQyUyMmRhdGElMjIlM0ElN0IlN0QlN0QlMkMlN0IlMjJrZXklMjIlM0ElMjJzMG9sZSUyMiUyQyUyMnRleHQlMjIlM0ElMjJIVE1MJTIyJTJDJTIydHlwZSUyMiUzQSUyMnVub3JkZXJlZC1saXN0LWl0ZW0lMjIlMkMlMjJkZXB0aCUyMiUzQTAlMkMlMjJpbmxpbmVTdHlsZVJhbmdlcyUyMiUzQSU1QiU1RCUyQyUyMmVudGl0eVJhbmdlcyUyMiUzQSU1QiU1RCUyQyUyMmRhdGElMjIlM0ElN0IlN0QlN0QlMkMlN0IlMjJrZXklMjIlM0ElMjI5eW5wNyUyMiUyQyUyMnRleHQlMjIlM0ElMjJKYXZhc2NyaXB0JTIyJTJDJTIydHlwZSUyMiUzQSUyMnVub3JkZXJlZC1saXN0LWl0ZW0lMjIlMkMlMjJkZXB0aCUyMiUzQTAlMkMlMjJpbmxpbmVTdHlsZVJhbmdlcyUyMiUzQSU1QiU1RCUyQyUyMmVudGl0eVJhbmdlcyUyMiUzQSU1QiU1RCUyQyUyMmRhdGElMjIlM0ElN0IlN0QlN0QlNUQlMkMlMjJlbnRpdHlNYXAlMjIlM0ElN0IlN0QlN0QmY29udGVudC01LWRlbGV0ZWQ9JmNvbnRlbnQtNS1vcmRlcj01JmNvbnRlbnQtNS10eXBlPXRleHQmY29udGVudC01LWlkPTdjMTZiMDQ4LTBkNGItNDY3ZS1iODI4LTIyZjExODRhZTliOCZjb250ZW50LTUtdmFsdWU9JTdCJTIyYmxvY2tzJTIyJTNBJTVCJTdCJTIya2V5JTIyJTNBJTIybzBsdzQlMjIlMkMlMjJ0ZXh0JTIyJTNBJTIyT2ZyZWNlbW9zK2V4Y2VsZW50ZXMrY29uZGljaW9uZXMrZGUrY29udHJhdGFjaSVDMyVCM24lMkMrcmVtdW5lcmFjaSVDMyVCM24reSUyQytsbyttJUMzJUExcytpbXBvcnRhbnRlJTJDK3NhYmVtb3MrZXNjdWNoYXIrbGFzK2V4cGVjdGF0aXZhcytwZXJzb25hbGVzK3krcHJvZmVzaW9uYWxlcytwYXJhK2NvbnN0cnVpcit1bitwbGFuK2RlK2NhcnJlcmErcXVlK3JlJUMzJUJBbmErdHVzK29iamV0aXZvcytjb24rbG9zK2RlK2xhK2VtcHJlc2EuJTIyJTJDJTIydHlwZSUyMiUzQSUyMnVuc3R5bGVkJTIyJTJDJTIyZGVwdGglMjIlM0EwJTJDJTIyaW5saW5lU3R5bGVSYW5nZXMlMjIlM0ElNUIlNUQlMkMlMjJlbnRpdHlSYW5nZXMlMjIlM0ElNUIlNUQlMkMlMjJkYXRhJTIyJTNBJTdCJTdEJTdEJTJDJTdCJTIya2V5JTIyJTNBJTIyanh6ZHIlMjIlMkMlMjJ0ZXh0JTIyJTNBJTIySG9yYXJpbytkZSt0cmFiYWpvJTNBK0Z1bGwrdGltZSs5K2ErMTgraHMlNUNuQ29udHJhdGFjaSVDMyVCM24rSW5tZWRpYXRhLiU1Q25MdWdhcitkZSt0cmFiYWpvJTNBK09maWNpbmErY2VudHJhbCtkZStsYStBZ2VuY2lhK2VuK1ZpbGxhK0NyZXNwby4lMjIlMkMlMjJ0eXBlJTIyJTNBJTIydW5zdHlsZWQlMjIlMkMlMjJkZXB0aCUyMiUzQTAlMkMlMjJpbmxpbmVTdHlsZVJhbmdlcyUyMiUzQSU1QiU3QiUyMm9mZnNldCUyMiUzQTAlMkMlMjJsZW5ndGglMjIlM0ExOSUyQyUyMnN0eWxlJTIyJTNBJTIyQk9MRCUyMiU3RCUyQyU3QiUyMm9mZnNldCUyMiUzQTQwJTJDJTIybGVuZ3RoJTIyJTNBMjMlMkMlMjJzdHlsZSUyMiUzQSUyMkJPTEQlMjIlN0QlMkMlN0IlMjJvZmZzZXQlMjIlM0E2NCUyQyUyMmxlbmd0aCUyMiUzQTE3JTJDJTIyc3R5bGUlMjIlM0ElMjJCT0xEJTIyJTdEJTVEJTJDJTIyZW50aXR5UmFuZ2VzJTIyJTNBJTVCJTVEJTJDJTIyZGF0YSUyMiUzQSU3QiU3RCU3RCUyQyU3QiUyMmtleSUyMiUzQSUyMm9vaTZ2JTIyJTJDJTIydGV4dCUyMiUzQSUyMkVudmlhbm9zK3R1K0NWKyUyQitSZW11bmVyYWNpJUMzJUIzbitwcmV0ZW5kaWRhK2EraHVudGluZyU0MGVnb2FyZ2VudGluYS5jb20rcmVmJTNBJTVDJTIyRnVsbFN0YWNrJTVDJTIyJTIyJTJDJTIydHlwZSUyMiUzQSUyMnVuc3R5bGVkJTIyJTJDJTIyZGVwdGglMjIlM0EwJTJDJTIyaW5saW5lU3R5bGVSYW5nZXMlMjIlM0ElNUIlNUQlMkMlMjJlbnRpdHlSYW5nZXMlMjIlM0ElNUIlN0IlMjJvZmZzZXQlMjIlM0E0MyUyQyUyMmxlbmd0aCUyMiUzQTI0JTJDJTIya2V5JTIyJTNBMCU3RCU1RCUyQyUyMmRhdGElMjIlM0ElN0IlN0QlN0QlNUQlMkMlMjJlbnRpdHlNYXAlMjIlM0ElN0IlMjIwJTIyJTNBJTdCJTIydHlwZSUyMiUzQSUyMkxJTkslMjIlMkMlMjJtdXRhYmlsaXR5JTIyJTNBJTIyTVVUQUJMRSUyMiUyQyUyMmRhdGElMjIlM0ElN0IlMjJ1cmwlMjIlM0ElMjJtYWlsdG8lM0FodW50aW5nJTQwZWdvYXJnZW50aW5hLmNvbSUyMiU3RCU3RCU3RCU3RCZzbHVnPWZ1bGwtc3RhY2stZGV2ZWxvcGVyLXNlbWktc2VuaW9yJnNlb190aXRsZT0mc2VhcmNoX2Rlc2NyaXB0aW9uPSZnb19saXZlX2F0PSZleHBpcmVfYXQ9IiwxNTU5MTQ0MzUxLjg5OTg0MV0sIndhZ3RhaWwtcHJldmlldy0yIjpbImNzcmZtaWRkbGV3YXJldG9rZW49MHZHMXRhclVPZzVaeDQ2elZFd3ZkeDhuQXdlaDBsbnJrbTNpbms1RjVPMlozVjZOSmNacThDVW1YeFJyY1ZxbCZuZXh0PSZ0aXRsZT1JbmljaW8mY29udGVudC1jb3VudD0zJmNvbnRlbnQtMC1kZWxldGVkPSZjb250ZW50LTAtb3JkZXI9MCZjb250ZW50LTAtdHlwZT1wYWdlJmNvbnRlbnQtMC1pZD1hODMyZmU1Ny03ZjFiLTQzYjQtOGZjMC0yNjY0ZjEyZGNmYmYmY29udGVudC0wLXZhbHVlLXBhZ2U9MTAmY29udGVudC0xLWRlbGV0ZWQ9JmNvbnRlbnQtMS1vcmRlcj0xJmNvbnRlbnQtMS10eXBlPXRocmVlX3BhZ2VzJmNvbnRlbnQtMS1pZD1lMTU5YzAxYi1mMjFiLTQzMGQtYTcyZC04YmY3MzgyYzBhZTgmY29udGVudC0xLXZhbHVlLXRpdGxlPVB1YmxpY2FjaW9uZXMlMEQlMEFkZXN0YWNhZGFzJTBEJTBBZGVsK21lcyZjb250ZW50LTEtdmFsdWUtcGFnZTE9MTQmY29udGVudC0xLXZhbHVlLXBhZ2UyPTExJmNvbnRlbnQtMS12YWx1ZS1wYWdlMz0xMCZjb250ZW50LTItZGVsZXRlZD0mY29udGVudC0yLW9yZGVyPTImY29udGVudC0yLXR5cGU9cGFnZSZjb250ZW50LTItaWQ9YWJkZjY2NWQtNjMxZS00N2Q1LThkZGEtYWEzZjgwYTYyNDA0JmNvbnRlbnQtMi12YWx1ZS1wYWdlPTExJnNsdWc9aW5pY2lvJnNlb190aXRsZT0mc2VhcmNoX2Rlc2NyaXB0aW9uPSZnb19saXZlX2F0PSZleHBpcmVfYXQ9IiwxNTU5MTU0NDM2LjYwMjIxNjddfQ==", "expire_date": "2019-06-12T18:27:16.667Z"}}, {"model": "sessions.session", "pk": "py5fdy92cymk6g23t5tapkmadvw0m0ev", "fields": {"session_data": "ZTc3MWZkNmRkY2ZiZmRhYmU2MzczMjNmMTVmZGI1MmQ0NTg1MjZlZjp7Il9hdXRoX3VzZXJfaWQiOiIyIiwiX2F1dGhfdXNlcl9iYWNrZW5kIjoiZGphbmdvLmNvbnRyaWIuYXV0aC5iYWNrZW5kcy5Nb2RlbEJhY2tlbmQiLCJfYXV0aF91c2VyX2hhc2giOiIzYTFmNjdkYzIwYTMzNDlkMGY3NDhmZThiYjZmYmFjNTZlYTRkOTVkIn0=", "expire_date": "2019-06-10T20:29:36.359Z"}}, {"model": "auth.permission", "pk": 1, "fields": {"name": "Can add image", "content_type": 2, "codename": "add_image"}}, {"model": "auth.permission", "pk": 2, "fields": {"name": "Can change image", "content_type": 2, "codename": "change_image"}}, {"model": "auth.permission", "pk": 3, "fields": {"name": "Can delete image", "content_type": 2, "codename": "delete_image"}}, {"model": "auth.permission", "pk": 4, "fields": {"name": "Can access Wagtail admin", "content_type": 3, "codename": "access_admin"}}, {"model": "auth.permission", "pk": 5, "fields": {"name": "Can add document", "content_type": 4, "codename": "add_document"}}, {"model": "auth.permission", "pk": 6, "fields": {"name": "Can change document", "content_type": 4, "codename": "change_document"}}, {"model": "auth.permission", "pk": 7, "fields": {"name": "Can delete document", "content_type": 4, "codename": "delete_document"}}, {"model": "auth.permission", "pk": 8, "fields": {"name": "Can add home page", "content_type": 5, "codename": "add_homepage"}}, {"model": "auth.permission", "pk": 9, "fields": {"name": "Can change home page", "content_type": 5, "codename": "change_homepage"}}, {"model": "auth.permission", "pk": 10, "fields": {"name": "Can delete home page", "content_type": 5, "codename": "delete_homepage"}}, {"model": "auth.permission", "pk": 11, "fields": {"name": "Can view home page", "content_type": 5, "codename": "view_homepage"}}, {"model": "auth.permission", "pk": 12, "fields": {"name": "Can add Behance Project", "content_type": 6, "codename": "add_behanceproject"}}, {"model": "auth.permission", "pk": 13, "fields": {"name": "Can change Behance Project", "content_type": 6, "codename": "change_behanceproject"}}, {"model": "auth.permission", "pk": 14, "fields": {"name": "Can delete Behance Project", "content_type": 6, "codename": "delete_behanceproject"}}, {"model": "auth.permission", "pk": 15, "fields": {"name": "Can view Behance Project", "content_type": 6, "codename": "view_behanceproject"}}, {"model": "auth.permission", "pk": 16, "fields": {"name": "Can add Behance Projects Listing Page", "content_type": 7, "codename": "add_behanceprojectlistingpage"}}, {"model": "auth.permission", "pk": 17, "fields": {"name": "Can change Behance Projects Listing Page", "content_type": 7, "codename": "change_behanceprojectlistingpage"}}, {"model": "auth.permission", "pk": 18, "fields": {"name": "Can delete Behance Projects Listing Page", "content_type": 7, "codename": "delete_behanceprojectlistingpage"}}, {"model": "auth.permission", "pk": 19, "fields": {"name": "Can view Behance Projects Listing Page", "content_type": 7, "codename": "view_behanceprojectlistingpage"}}, {"model": "auth.permission", "pk": 20, "fields": {"name": "Can add Behance Project Module", "content_type": 8, "codename": "add_behanceprojectmodule"}}, {"model": "auth.permission", "pk": 21, "fields": {"name": "Can change Behance Project Module", "content_type": 8, "codename": "change_behanceprojectmodule"}}, {"model": "auth.permission", "pk": 22, "fields": {"name": "Can delete Behance Project Module", "content_type": 8, "codename": "delete_behanceprojectmodule"}}, {"model": "auth.permission", "pk": 23, "fields": {"name": "Can view Behance Project Module", "content_type": 8, "codename": "view_behanceprojectmodule"}}, {"model": "auth.permission", "pk": 24, "fields": {"name": "Can add Client", "content_type": 9, "codename": "add_client"}}, {"model": "auth.permission", "pk": 25, "fields": {"name": "Can change Client", "content_type": 9, "codename": "change_client"}}, {"model": "auth.permission", "pk": 26, "fields": {"name": "Can delete Client", "content_type": 9, "codename": "delete_client"}}, {"model": "auth.permission", "pk": 27, "fields": {"name": "Can view Client", "content_type": 9, "codename": "view_client"}}, {"model": "auth.permission", "pk": 28, "fields": {"name": "Can add Behance Project Page", "content_type": 10, "codename": "add_behanceprojectpage"}}, {"model": "auth.permission", "pk": 29, "fields": {"name": "Can change Behance Project Page", "content_type": 10, "codename": "change_behanceprojectpage"}}, {"model": "auth.permission", "pk": 30, "fields": {"name": "Can delete Behance Project Page", "content_type": 10, "codename": "delete_behanceprojectpage"}}, {"model": "auth.permission", "pk": 31, "fields": {"name": "Can view Behance Project Page", "content_type": 10, "codename": "view_behanceprojectpage"}}, {"model": "auth.permission", "pk": 32, "fields": {"name": "Can add employee", "content_type": 11, "codename": "add_employee"}}, {"model": "auth.permission", "pk": 33, "fields": {"name": "Can change employee", "content_type": 11, "codename": "change_employee"}}, {"model": "auth.permission", "pk": 34, "fields": {"name": "Can delete employee", "content_type": 11, "codename": "delete_employee"}}, {"model": "auth.permission", "pk": 35, "fields": {"name": "Can view employee", "content_type": 11, "codename": "view_employee"}}, {"model": "auth.permission", "pk": 36, "fields": {"name": "Can add base page", "content_type": 12, "codename": "add_basepage"}}, {"model": "auth.permission", "pk": 37, "fields": {"name": "Can change base page", "content_type": 12, "codename": "change_basepage"}}, {"model": "auth.permission", "pk": 38, "fields": {"name": "Can delete base page", "content_type": 12, "codename": "delete_basepage"}}, {"model": "auth.permission", "pk": 39, "fields": {"name": "Can view base page", "content_type": 12, "codename": "view_basepage"}}, {"model": "auth.permission", "pk": 40, "fields": {"name": "Can add form submission", "content_type": 13, "codename": "add_formsubmission"}}, {"model": "auth.permission", "pk": 41, "fields": {"name": "Can change form submission", "content_type": 13, "codename": "change_formsubmission"}}, {"model": "auth.permission", "pk": 42, "fields": {"name": "Can delete form submission", "content_type": 13, "codename": "delete_formsubmission"}}, {"model": "auth.permission", "pk": 43, "fields": {"name": "Can view form submission", "content_type": 13, "codename": "view_formsubmission"}}, {"model": "auth.permission", "pk": 44, "fields": {"name": "Can add redirect", "content_type": 14, "codename": "add_redirect"}}, {"model": "auth.permission", "pk": 45, "fields": {"name": "Can change redirect", "content_type": 14, "codename": "change_redirect"}}, {"model": "auth.permission", "pk": 46, "fields": {"name": "Can delete redirect", "content_type": 14, "codename": "delete_redirect"}}, {"model": "auth.permission", "pk": 47, "fields": {"name": "Can view redirect", "content_type": 14, "codename": "view_redirect"}}, {"model": "auth.permission", "pk": 48, "fields": {"name": "Can add embed", "content_type": 15, "codename": "add_embed"}}, {"model": "auth.permission", "pk": 49, "fields": {"name": "Can change embed", "content_type": 15, "codename": "change_embed"}}, {"model": "auth.permission", "pk": 50, "fields": {"name": "Can delete embed", "content_type": 15, "codename": "delete_embed"}}, {"model": "auth.permission", "pk": 51, "fields": {"name": "Can view embed", "content_type": 15, "codename": "view_embed"}}, {"model": "auth.permission", "pk": 52, "fields": {"name": "Can add user profile", "content_type": 16, "codename": "add_userprofile"}}, {"model": "auth.permission", "pk": 53, "fields": {"name": "Can change user profile", "content_type": 16, "codename": "change_userprofile"}}, {"model": "auth.permission", "pk": 54, "fields": {"name": "Can delete user profile", "content_type": 16, "codename": "delete_userprofile"}}, {"model": "auth.permission", "pk": 55, "fields": {"name": "Can view user profile", "content_type": 16, "codename": "view_userprofile"}}, {"model": "auth.permission", "pk": 56, "fields": {"name": "Can view document", "content_type": 4, "codename": "view_document"}}, {"model": "auth.permission", "pk": 57, "fields": {"name": "Can view image", "content_type": 2, "codename": "view_image"}}, {"model": "auth.permission", "pk": 58, "fields": {"name": "Can add rendition", "content_type": 17, "codename": "add_rendition"}}, {"model": "auth.permission", "pk": 59, "fields": {"name": "Can change rendition", "content_type": 17, "codename": "change_rendition"}}, {"model": "auth.permission", "pk": 60, "fields": {"name": "Can delete rendition", "content_type": 17, "codename": "delete_rendition"}}, {"model": "auth.permission", "pk": 61, "fields": {"name": "Can view rendition", "content_type": 17, "codename": "view_rendition"}}, {"model": "auth.permission", "pk": 62, "fields": {"name": "Can add query", "content_type": 18, "codename": "add_query"}}, {"model": "auth.permission", "pk": 63, "fields": {"name": "Can change query", "content_type": 18, "codename": "change_query"}}, {"model": "auth.permission", "pk": 64, "fields": {"name": "Can delete query", "content_type": 18, "codename": "delete_query"}}, {"model": "auth.permission", "pk": 65, "fields": {"name": "Can view query", "content_type": 18, "codename": "view_query"}}, {"model": "auth.permission", "pk": 66, "fields": {"name": "Can add Query Daily Hits", "content_type": 19, "codename": "add_querydailyhits"}}, {"model": "auth.permission", "pk": 67, "fields": {"name": "Can change Query Daily Hits", "content_type": 19, "codename": "change_querydailyhits"}}, {"model": "auth.permission", "pk": 68, "fields": {"name": "Can delete Query Daily Hits", "content_type": 19, "codename": "delete_querydailyhits"}}, {"model": "auth.permission", "pk": 69, "fields": {"name": "Can view Query Daily Hits", "content_type": 19, "codename": "view_querydailyhits"}}, {"model": "auth.permission", "pk": 70, "fields": {"name": "Can add page", "content_type": 1, "codename": "add_page"}}, {"model": "auth.permission", "pk": 71, "fields": {"name": "Can change page", "content_type": 1, "codename": "change_page"}}, {"model": "auth.permission", "pk": 72, "fields": {"name": "Can delete page", "content_type": 1, "codename": "delete_page"}}, {"model": "auth.permission", "pk": 73, "fields": {"name": "Can view page", "content_type": 1, "codename": "view_page"}}, {"model": "auth.permission", "pk": 74, "fields": {"name": "Can add group page permission", "content_type": 20, "codename": "add_grouppagepermission"}}, {"model": "auth.permission", "pk": 75, "fields": {"name": "Can change group page permission", "content_type": 20, "codename": "change_grouppagepermission"}}, {"model": "auth.permission", "pk": 76, "fields": {"name": "Can delete group page permission", "content_type": 20, "codename": "delete_grouppagepermission"}}, {"model": "auth.permission", "pk": 77, "fields": {"name": "Can view group page permission", "content_type": 20, "codename": "view_grouppagepermission"}}, {"model": "auth.permission", "pk": 78, "fields": {"name": "Can add page revision", "content_type": 21, "codename": "add_pagerevision"}}, {"model": "auth.permission", "pk": 79, "fields": {"name": "Can change page revision", "content_type": 21, "codename": "change_pagerevision"}}, {"model": "auth.permission", "pk": 80, "fields": {"name": "Can delete page revision", "content_type": 21, "codename": "delete_pagerevision"}}, {"model": "auth.permission", "pk": 81, "fields": {"name": "Can view page revision", "content_type": 21, "codename": "view_pagerevision"}}, {"model": "auth.permission", "pk": 82, "fields": {"name": "Can add page view restriction", "content_type": 22, "codename": "add_pageviewrestriction"}}, {"model": "auth.permission", "pk": 83, "fields": {"name": "Can change page view restriction", "content_type": 22, "codename": "change_pageviewrestriction"}}, {"model": "auth.permission", "pk": 84, "fields": {"name": "Can delete page view restriction", "content_type": 22, "codename": "delete_pageviewrestriction"}}, {"model": "auth.permission", "pk": 85, "fields": {"name": "Can view page view restriction", "content_type": 22, "codename": "view_pageviewrestriction"}}, {"model": "auth.permission", "pk": 86, "fields": {"name": "Can add site", "content_type": 23, "codename": "add_site"}}, {"model": "auth.permission", "pk": 87, "fields": {"name": "Can change site", "content_type": 23, "codename": "change_site"}}, {"model": "auth.permission", "pk": 88, "fields": {"name": "Can delete site", "content_type": 23, "codename": "delete_site"}}, {"model": "auth.permission", "pk": 89, "fields": {"name": "Can view site", "content_type": 23, "codename": "view_site"}}, {"model": "auth.permission", "pk": 90, "fields": {"name": "Can add collection", "content_type": 24, "codename": "add_collection"}}, {"model": "auth.permission", "pk": 91, "fields": {"name": "Can change collection", "content_type": 24, "codename": "change_collection"}}, {"model": "auth.permission", "pk": 92, "fields": {"name": "Can delete collection", "content_type": 24, "codename": "delete_collection"}}, {"model": "auth.permission", "pk": 93, "fields": {"name": "Can view collection", "content_type": 24, "codename": "view_collection"}}, {"model": "auth.permission", "pk": 94, "fields": {"name": "Can add group collection permission", "content_type": 25, "codename": "add_groupcollectionpermission"}}, {"model": "auth.permission", "pk": 95, "fields": {"name": "Can change group collection permission", "content_type": 25, "codename": "change_groupcollectionpermission"}}, {"model": "auth.permission", "pk": 96, "fields": {"name": "Can delete group collection permission", "content_type": 25, "codename": "delete_groupcollectionpermission"}}, {"model": "auth.permission", "pk": 97, "fields": {"name": "Can view group collection permission", "content_type": 25, "codename": "view_groupcollectionpermission"}}, {"model": "auth.permission", "pk": 98, "fields": {"name": "Can add collection view restriction", "content_type": 26, "codename": "add_collectionviewrestriction"}}, {"model": "auth.permission", "pk": 99, "fields": {"name": "Can change collection view restriction", "content_type": 26, "codename": "change_collectionviewrestriction"}}, {"model": "auth.permission", "pk": 100, "fields": {"name": "Can delete collection view restriction", "content_type": 26, "codename": "delete_collectionviewrestriction"}}, {"model": "auth.permission", "pk": 101, "fields": {"name": "Can view collection view restriction", "content_type": 26, "codename": "view_collectionviewrestriction"}}, {"model": "auth.permission", "pk": 102, "fields": {"name": "Can add Tag", "content_type": 27, "codename": "add_tag"}}, {"model": "auth.permission", "pk": 103, "fields": {"name": "Can change Tag", "content_type": 27, "codename": "change_tag"}}, {"model": "auth.permission", "pk": 104, "fields": {"name": "Can delete Tag", "content_type": 27, "codename": "delete_tag"}}, {"model": "auth.permission", "pk": 105, "fields": {"name": "Can view Tag", "content_type": 27, "codename": "view_tag"}}, {"model": "auth.permission", "pk": 106, "fields": {"name": "Can add Tagged Item", "content_type": 28, "codename": "add_taggeditem"}}, {"model": "auth.permission", "pk": 107, "fields": {"name": "Can change Tagged Item", "content_type": 28, "codename": "change_taggeditem"}}, {"model": "auth.permission", "pk": 108, "fields": {"name": "Can delete Tagged Item", "content_type": 28, "codename": "delete_taggeditem"}}, {"model": "auth.permission", "pk": 109, "fields": {"name": "Can view Tagged Item", "content_type": 28, "codename": "view_taggeditem"}}, {"model": "auth.permission", "pk": 110, "fields": {"name": "Can add log entry", "content_type": 29, "codename": "add_logentry"}}, {"model": "auth.permission", "pk": 111, "fields": {"name": "Can change log entry", "content_type": 29, "codename": "change_logentry"}}, {"model": "auth.permission", "pk": 112, "fields": {"name": "Can delete log entry", "content_type": 29, "codename": "delete_logentry"}}, {"model": "auth.permission", "pk": 113, "fields": {"name": "Can view log entry", "content_type": 29, "codename": "view_logentry"}}, {"model": "auth.permission", "pk": 114, "fields": {"name": "Can add permission", "content_type": 30, "codename": "add_permission"}}, {"model": "auth.permission", "pk": 115, "fields": {"name": "Can change permission", "content_type": 30, "codename": "change_permission"}}, {"model": "auth.permission", "pk": 116, "fields": {"name": "Can delete permission", "content_type": 30, "codename": "delete_permission"}}, {"model": "auth.permission", "pk": 117, "fields": {"name": "Can view permission", "content_type": 30, "codename": "view_permission"}}, {"model": "auth.permission", "pk": 118, "fields": {"name": "Can add group", "content_type": 31, "codename": "add_group"}}, {"model": "auth.permission", "pk": 119, "fields": {"name": "Can change group", "content_type": 31, "codename": "change_group"}}, {"model": "auth.permission", "pk": 120, "fields": {"name": "Can delete group", "content_type": 31, "codename": "delete_group"}}, {"model": "auth.permission", "pk": 121, "fields": {"name": "Can view group", "content_type": 31, "codename": "view_group"}}, {"model": "auth.permission", "pk": 122, "fields": {"name": "Can add user", "content_type": 32, "codename": "add_user"}}, {"model": "auth.permission", "pk": 123, "fields": {"name": "Can change user", "content_type": 32, "codename": "change_user"}}, {"model": "auth.permission", "pk": 124, "fields": {"name": "Can delete user", "content_type": 32, "codename": "delete_user"}}, {"model": "auth.permission", "pk": 125, "fields": {"name": "Can view user", "content_type": 32, "codename": "view_user"}}, {"model": "auth.permission", "pk": 126, "fields": {"name": "Can add content type", "content_type": 33, "codename": "add_contenttype"}}, {"model": "auth.permission", "pk": 127, "fields": {"name": "Can change content type", "content_type": 33, "codename": "change_contenttype"}}, {"model": "auth.permission", "pk": 128, "fields": {"name": "Can delete content type", "content_type": 33, "codename": "delete_contenttype"}}, {"model": "auth.permission", "pk": 129, "fields": {"name": "Can view content type", "content_type": 33, "codename": "view_contenttype"}}, {"model": "auth.permission", "pk": 130, "fields": {"name": "Can add session", "content_type": 34, "codename": "add_session"}}, {"model": "auth.permission", "pk": 131, "fields": {"name": "Can change session", "content_type": 34, "codename": "change_session"}}, {"model": "auth.permission", "pk": 132, "fields": {"name": "Can delete session", "content_type": 34, "codename": "delete_session"}}, {"model": "auth.permission", "pk": 133, "fields": {"name": "Can view session", "content_type": 34, "codename": "view_session"}}, {"model": "auth.permission", "pk": 134, "fields": {"name": "Can add Blog Listing Page", "content_type": 35, "codename": "add_bloglistingpage"}}, {"model": "auth.permission", "pk": 135, "fields": {"name": "Can change Blog Listing Page", "content_type": 35, "codename": "change_bloglistingpage"}}, {"model": "auth.permission", "pk": 136, "fields": {"name": "Can delete Blog Listing Page", "content_type": 35, "codename": "delete_bloglistingpage"}}, {"model": "auth.permission", "pk": 137, "fields": {"name": "Can view Blog Listing Page", "content_type": 35, "codename": "view_bloglistingpage"}}, {"model": "auth.permission", "pk": 138, "fields": {"name": "Can add Blog Page", "content_type": 36, "codename": "add_blogpage"}}, {"model": "auth.permission", "pk": 139, "fields": {"name": "Can change Blog Page", "content_type": 36, "codename": "change_blogpage"}}, {"model": "auth.permission", "pk": 140, "fields": {"name": "Can delete Blog Page", "content_type": 36, "codename": "delete_blogpage"}}, {"model": "auth.permission", "pk": 141, "fields": {"name": "Can view Blog Page", "content_type": 36, "codename": "view_blogpage"}}, {"model": "auth.permission", "pk": 142, "fields": {"name": "Can add Blog Listing Page", "content_type": 37, "codename": "add_jobslistingpage"}}, {"model": "auth.permission", "pk": 143, "fields": {"name": "Can change Blog Listing Page", "content_type": 37, "codename": "change_jobslistingpage"}}, {"model": "auth.permission", "pk": 144, "fields": {"name": "Can delete Blog Listing Page", "content_type": 37, "codename": "delete_jobslistingpage"}}, {"model": "auth.permission", "pk": 145, "fields": {"name": "Can view Blog Listing Page", "content_type": 37, "codename": "view_jobslistingpage"}}, {"model": "auth.permission", "pk": 146, "fields": {"name": "Can add Job Page", "content_type": 38, "codename": "add_jobpage"}}, {"model": "auth.permission", "pk": 147, "fields": {"name": "Can change Job Page", "content_type": 38, "codename": "change_jobpage"}}, {"model": "auth.permission", "pk": 148, "fields": {"name": "Can delete Job Page", "content_type": 38, "codename": "delete_jobpage"}}, {"model": "auth.permission", "pk": 149, "fields": {"name": "Can view Job Page", "content_type": 38, "codename": "view_jobpage"}}, {"model": "auth.permission", "pk": 150, "fields": {"name": "Can add menu", "content_type": 39, "codename": "add_menu"}}, {"model": "auth.permission", "pk": 151, "fields": {"name": "Can change menu", "content_type": 39, "codename": "change_menu"}}, {"model": "auth.permission", "pk": 152, "fields": {"name": "Can delete menu", "content_type": 39, "codename": "delete_menu"}}, {"model": "auth.permission", "pk": 153, "fields": {"name": "Can view menu", "content_type": 39, "codename": "view_menu"}}, {"model": "auth.permission", "pk": 154, "fields": {"name": "Can add menu item", "content_type": 40, "codename": "add_menuitem"}}, {"model": "auth.permission", "pk": 155, "fields": {"name": "Can change menu item", "content_type": 40, "codename": "change_menuitem"}}, {"model": "auth.permission", "pk": 156, "fields": {"name": "Can delete menu item", "content_type": 40, "codename": "delete_menuitem"}}, {"model": "auth.permission", "pk": 157, "fields": {"name": "Can view menu item", "content_type": 40, "codename": "view_menuitem"}}, {"model": "auth.permission", "pk": 158, "fields": {"name": "Can add Project Discovery Page", "content_type": 41, "codename": "add_projectdiscoverypage"}}, {"model": "auth.permission", "pk": 159, "fields": {"name": "Can change Project Discovery Page", "content_type": 41, "codename": "change_projectdiscoverypage"}}, {"model": "auth.permission", "pk": 160, "fields": {"name": "Can delete Project Discovery Page", "content_type": 41, "codename": "delete_projectdiscoverypage"}}, {"model": "auth.permission", "pk": 161, "fields": {"name": "Can view Project Discovery Page", "content_type": 41, "codename": "view_projectdiscoverypage"}}, {"model": "auth.permission", "pk": 162, "fields": {"name": "Can add About Page", "content_type": 42, "codename": "add_servicespage"}}, {"model": "auth.permission", "pk": 163, "fields": {"name": "Can change About Page", "content_type": 42, "codename": "change_servicespage"}}, {"model": "auth.permission", "pk": 164, "fields": {"name": "Can delete About Page", "content_type": 42, "codename": "delete_servicespage"}}, {"model": "auth.permission", "pk": 165, "fields": {"name": "Can view About Page", "content_type": 42, "codename": "view_servicespage"}}, {"model": "auth.permission", "pk": 166, "fields": {"name": "Can add About Page", "content_type": 43, "codename": "add_aboutpage"}}, {"model": "auth.permission", "pk": 167, "fields": {"name": "Can change About Page", "content_type": 43, "codename": "change_aboutpage"}}, {"model": "auth.permission", "pk": 168, "fields": {"name": "Can delete About Page", "content_type": 43, "codename": "delete_aboutpage"}}, {"model": "auth.permission", "pk": 169, "fields": {"name": "Can view About Page", "content_type": 43, "codename": "view_aboutpage"}}, {"model": "auth.permission", "pk": 170, "fields": {"name": "Can add blog page link", "content_type": 44, "codename": "add_blogpagelink"}}, {"model": "auth.permission", "pk": 171, "fields": {"name": "Can change blog page link", "content_type": 44, "codename": "change_blogpagelink"}}, {"model": "auth.permission", "pk": 172, "fields": {"name": "Can delete blog page link", "content_type": 44, "codename": "delete_blogpagelink"}}, {"model": "auth.permission", "pk": 173, "fields": {"name": "Can view blog page link", "content_type": 44, "codename": "view_blogpagelink"}}, {"model": "taggit.taggeditem", "pk": 1, "fields": {"tag": 1, "content_type": 2, "object_id": 138}}, {"model": "taggit.taggeditem", "pk": 2, "fields": {"tag": 2, "content_type": 2, "object_id": 138}}, {"model": "taggit.taggeditem", "pk": 3, "fields": {"tag": 3, "content_type": 2, "object_id": 138}}, {"model": "auth.group", "pk": 1, "fields": {"name": "Moderators", "permissions": [4, 5, 6, 7, 1, 2, 3]}}, {"model": "auth.group", "pk": 2, "fields": {"name": "Editors", "permissions": [4, 5, 6, 7, 1, 2, 3]}}, {"model": "auth.user", "pk": 1, "fields": {"password": "pbkdf2_sha256$150000$xeem8mFKiNSI$DA1XWte75D/e7W0j9WkVfNOLnGY9yPI4Fq81EqpDN7A=", "last_login": "2019-05-27T18:55:09.172Z", "is_superuser": true, "username": "admin", "first_name": "", "last_name": "", "email": "admin@admin.com", "is_staff": true, "is_active": true, "date_joined": "2019-05-27T18:54:52.271Z", "groups": [], "user_permissions": []}}, {"model": "wagtailcore.groupcollectionpermission", "pk": 1, "fields": {"group": 2, "collection": 1, "permission": 1}}, {"model": "wagtailcore.groupcollectionpermission", "pk": 2, "fields": {"group": 1, "collection": 1, "permission": 1}}, {"model": "wagtailcore.groupcollectionpermission", "pk": 3, "fields": {"group": 2, "collection": 1, "permission": 2}}, {"model": "wagtailcore.groupcollectionpermission", "pk": 4, "fields": {"group": 1, "collection": 1, "permission": 2}}, {"model": "wagtailcore.groupcollectionpermission", "pk": 5, "fields": {"group": 2, "collection": 1, "permission": 5}}, {"model": "wagtailcore.groupcollectionpermission", "pk": 6, "fields": {"group": 1, "collection": 1, "permission": 5}}, {"model": "wagtailcore.groupcollectionpermission", "pk": 7, "fields": {"group": 2, "collection": 1, "permission": 6}}, {"model": "wagtailcore.groupcollectionpermission", "pk": 8, "fields": {"group": 1, "collection": 1, "permission": 6}}, {"model": "wagtailcore.grouppagepermission", "pk": 1, "fields": {"group": 1, "page": 1, "permission_type": "add"}}, {"model": "wagtailcore.grouppagepermission", "pk": 2, "fields": {"group": 1, "page": 1, "permission_type": "edit"}}, {"model": "wagtailcore.grouppagepermission", "pk": 3, "fields": {"group": 1, "page": 1, "permission_type": "publish"}}, {"model": "wagtailcore.grouppagepermission", "pk": 4, "fields": {"group": 2, "page": 1, "permission_type": "add"}}, {"model": "wagtailcore.grouppagepermission", "pk": 5, "fields": {"group": 2, "page": 1, "permission_type": "edit"}}, {"model": "wagtailcore.grouppagepermission", "pk": 6, "fields": {"group": 1, "page": 1, "permission_type": "lock"}}, {"model": "wagtailcore.pagerevision", "pk": 1, "fields": {"page": 3, "submitted_for_moderation": false, "created_at": "2019-05-27T19:00:02.716Z", "user": 1, "content_json": "{\"pk\": 3, \"path\": \"000100010001\", \"depth\": 3, \"numchild\": 0, \"title\": \"Proyectos\", \"draft_title\": \"Proyectos\", \"slug\": \"proyectos\", \"content_type\": 7, \"live\": true, \"has_unpublished_changes\": false, \"url_path\": \"/home/proyectos/\", \"owner\": 1, \"seo_title\": \"\", \"show_in_menus\": false, \"search_description\": \"\", \"go_live_at\": null, \"expire_at\": null, \"expired\": false, \"locked\": false, \"first_published_at\": null, \"last_published_at\": null, \"latest_revision_created_at\": null, \"live_revision\": null}", "approved_go_live_at": null}}, {"model": "wagtailcore.pagerevision", "pk": 2, "fields": {"page": 4, "submitted_for_moderation": false, "created_at": "2019-05-27T19:01:04.014Z", "user": 1, "content_json": "{\"pk\": 4, \"path\": \"0001000100010001\", \"depth\": 4, \"numchild\": 0, \"title\": \"Ilustraciones para Santander Rio\", \"draft_title\": \"Ilustraciones para Santander Rio\", \"slug\": \"ilustraciones-para-santander-rio\", \"content_type\": 10, \"live\": true, \"has_unpublished_changes\": false, \"url_path\": \"/home/proyectos/ilustraciones-para-santander-rio/\", \"owner\": 1, \"seo_title\": \"\", \"show_in_menus\": false, \"search_description\": \"\", \"go_live_at\": null, \"expire_at\": null, \"expired\": false, \"locked\": false, \"first_published_at\": null, \"last_published_at\": null, \"latest_revision_created_at\": null, \"live_revision\": null, \"cover\": null, \"project\": 1}", "approved_go_live_at": null}}, {"model": "wagtailcore.pagerevision", "pk": 3, "fields": {"page": 2, "submitted_for_moderation": false, "created_at": "2019-05-27T19:01:30.797Z", "user": 1, "content_json": "{\"pk\": 2, \"path\": \"00010001\", \"depth\": 2, \"numchild\": 1, \"title\": \"Inicio\", \"draft_title\": \"Welcome to your new Wagtail site!\", \"slug\": \"home\", \"content_type\": 1, \"live\": true, \"has_unpublished_changes\": false, \"url_path\": \"/home/\", \"owner\": null, \"seo_title\": \"\", \"show_in_menus\": false, \"search_description\": \"\", \"go_live_at\": null, \"expire_at\": null, \"expired\": false, \"locked\": false, \"first_published_at\": null, \"last_published_at\": null, \"latest_revision_created_at\": null, \"live_revision\": null}", "approved_go_live_at": null}}, {"model": "wagtailcore.pagerevision", "pk": 4, "fields": {"page": 5, "submitted_for_moderation": false, "created_at": "2019-05-27T20:15:16.299Z", "user": 1, "content_json": "{\"pk\": 5, \"path\": \"000100010002\", \"depth\": 3, \"numchild\": 0, \"title\": \"Servicios\", \"draft_title\": \"Servicios\", \"slug\": \"servicios\", \"content_type\": 42, \"live\": true, \"has_unpublished_changes\": false, \"url_path\": \"/home/servicios/\", \"owner\": 1, \"seo_title\": \"\", \"show_in_menus\": false, \"search_description\": \"\", \"go_live_at\": null, \"expire_at\": null, \"expired\": false, \"locked\": false, \"first_published_at\": null, \"last_published_at\": null, \"latest_revision_created_at\": null, \"live_revision\": null}", "approved_go_live_at": null}}, {"model": "wagtailcore.pagerevision", "pk": 5, "fields": {"page": 6, "submitted_for_moderation": false, "created_at": "2019-05-27T20:15:30.539Z", "user": 1, "content_json": "{\"pk\": 6, \"path\": \"000100010003\", \"depth\": 3, \"numchild\": 0, \"title\": \"Agencia\", \"draft_title\": \"Agencia\", \"slug\": \"agencia\", \"content_type\": 43, \"live\": true, \"has_unpublished_changes\": false, \"url_path\": \"/home/agencia/\", \"owner\": 1, \"seo_title\": \"\", \"show_in_menus\": false, \"search_description\": \"\", \"go_live_at\": null, \"expire_at\": null, \"expired\": false, \"locked\": false, \"first_published_at\": null, \"last_published_at\": null, \"latest_revision_created_at\": null, \"live_revision\": null}", "approved_go_live_at": null}}, {"model": "wagtailcore.pagerevision", "pk": 6, "fields": {"page": 7, "submitted_for_moderation": false, "created_at": "2019-05-27T20:16:20.612Z", "user": 1, "content_json": "{\"pk\": 7, \"path\": \"000100010004\", \"depth\": 3, \"numchild\": 0, \"title\": \"Blog\", \"draft_title\": \"Blog\", \"slug\": \"blog\", \"content_type\": 35, \"live\": true, \"has_unpublished_changes\": false, \"url_path\": \"/home/blog/\", \"owner\": 1, \"seo_title\": \"\", \"show_in_menus\": false, \"search_description\": \"\", \"go_live_at\": null, \"expire_at\": null, \"expired\": false, \"locked\": false, \"first_published_at\": null, \"last_published_at\": null, \"latest_revision_created_at\": null, \"live_revision\": null}", "approved_go_live_at": null}}, {"model": "wagtailcore.pagerevision", "pk": 7, "fields": {"page": 8, "submitted_for_moderation": false, "created_at": "2019-05-27T20:16:30.726Z", "user": 1, "content_json": "{\"pk\": 8, \"path\": \"000100010005\", \"depth\": 3, \"numchild\": 0, \"title\": \"Postulate\", \"draft_title\": \"Postulate\", \"slug\": \"postulate\", \"content_type\": 37, \"live\": true, \"has_unpublished_changes\": false, \"url_path\": \"/home/postulate/\", \"owner\": 1, \"seo_title\": \"\", \"show_in_menus\": false, \"search_description\": \"\", \"go_live_at\": null, \"expire_at\": null, \"expired\": false, \"locked\": false, \"first_published_at\": null, \"last_published_at\": null, \"latest_revision_created_at\": null, \"live_revision\": null}", "approved_go_live_at": null}}, {"model": "wagtailcore.pagerevision", "pk": 8, "fields": {"page": 2, "submitted_for_moderation": false, "created_at": "2019-05-27T20:27:23.352Z", "user": 1, "content_json": "{\"pk\": 2, \"path\": \"00010001\", \"depth\": 2, \"numchild\": 5, \"title\": \"Inicio\", \"draft_title\": \"Inicio\", \"slug\": \"home\", \"content_type\": 1, \"live\": true, \"has_unpublished_changes\": false, \"url_path\": \"/home/\", \"owner\": null, \"seo_title\": \"\", \"show_in_menus\": false, \"search_description\": \"\", \"go_live_at\": null, \"expire_at\": null, \"expired\": false, \"locked\": false, \"first_published_at\": \"2019-05-27T19:01:30.852Z\", \"last_published_at\": \"2019-05-27T19:01:30.852Z\", \"latest_revision_created_at\": \"2019-05-27T19:01:30.797Z\", \"live_revision\": 3}", "approved_go_live_at": null}}, {"model": "wagtailcore.pagerevision", "pk": 9, "fields": {"page": 9, "submitted_for_moderation": false, "created_at": "2019-05-27T20:59:19.499Z", "user": 1, "content_json": "{\"pk\": 9, \"path\": \"000100010007\", \"depth\": 3, \"numchild\": 0, \"title\": \"Project Discovery\\u00ae\", \"draft_title\": \"Project Discovery\\u00ae\", \"slug\": \"project-discovery\", \"content_type\": 41, \"live\": true, \"has_unpublished_changes\": false, \"url_path\": \"/home/project-discovery/\", \"owner\": 1, \"seo_title\": \"\", \"show_in_menus\": false, \"search_description\": \"\", \"go_live_at\": null, \"expire_at\": null, \"expired\": false, \"locked\": false, \"first_published_at\": null, \"last_published_at\": null, \"latest_revision_created_at\": null, \"live_revision\": null}", "approved_go_live_at": null}}, {"model": "wagtailcore.pagerevision", "pk": 10, "fields": {"page": 2, "submitted_for_moderation": false, "created_at": "2019-05-27T21:01:08.519Z", "user": 1, "content_json": "{\"pk\": 2, \"path\": \"00010001\", \"depth\": 2, \"numchild\": 6, \"title\": \"Inicio\", \"draft_title\": \"Inicio\", \"slug\": \"inicio\", \"content_type\": 1, \"live\": true, \"has_unpublished_changes\": false, \"url_path\": \"/home/\", \"owner\": null, \"seo_title\": \"\", \"show_in_menus\": false, \"search_description\": \"\", \"go_live_at\": null, \"expire_at\": null, \"expired\": false, \"locked\": false, \"first_published_at\": \"2019-05-27T19:01:30.852Z\", \"last_published_at\": \"2019-05-27T20:27:23.413Z\", \"latest_revision_created_at\": \"2019-05-27T20:27:23.352Z\", \"live_revision\": 8}", "approved_go_live_at": null}}, {"model": "wagtailcore.pagerevision", "pk": 11, "fields": {"page": 2, "submitted_for_moderation": false, "created_at": "2019-05-28T12:45:45.506Z", "user": 1, "content_json": "{\"pk\": 2, \"path\": \"00010001\", \"depth\": 2, \"numchild\": 6, \"title\": \"Sarasa\", \"draft_title\": \"Inicio\", \"slug\": \"inicio\", \"content_type\": 1, \"live\": true, \"has_unpublished_changes\": false, \"url_path\": \"/inicio/\", \"owner\": null, \"seo_title\": \"\", \"show_in_menus\": false, \"search_description\": \"\", \"go_live_at\": null, \"expire_at\": null, \"expired\": false, \"locked\": false, \"first_published_at\": \"2019-05-27T19:01:30.852Z\", \"last_published_at\": \"2019-05-27T21:01:08.577Z\", \"latest_revision_created_at\": \"2019-05-27T21:01:08.519Z\", \"live_revision\": 10}", "approved_go_live_at": null}}, {"model": "wagtailcore.pagerevision", "pk": 12, "fields": {"page": 2, "submitted_for_moderation": false, "created_at": "2019-05-28T12:46:03.348Z", "user": 1, "content_json": "{\"pk\": 2, \"path\": \"00010001\", \"depth\": 2, \"numchild\": 6, \"title\": \"Sarasa\", \"draft_title\": \"Sarasa\", \"slug\": \"inicio\", \"content_type\": 1, \"live\": true, \"has_unpublished_changes\": true, \"url_path\": \"/inicio/\", \"owner\": null, \"seo_title\": \"\", \"show_in_menus\": false, \"search_description\": \"\", \"go_live_at\": null, \"expire_at\": null, \"expired\": false, \"locked\": false, \"first_published_at\": \"2019-05-27T19:01:30.852Z\", \"last_published_at\": \"2019-05-27T21:01:08.577Z\", \"latest_revision_created_at\": \"2019-05-28T12:45:45.506Z\", \"live_revision\": 10}", "approved_go_live_at": null}}, {"model": "wagtailcore.pagerevision", "pk": 13, "fields": {"page": 2, "submitted_for_moderation": false, "created_at": "2019-05-28T12:48:21.542Z", "user": 1, "content_json": "{\"pk\": 2, \"path\": \"00010001\", \"depth\": 2, \"numchild\": 6, \"title\": \"Inicio\", \"draft_title\": \"Sarasa\", \"slug\": \"inicio\", \"content_type\": 5, \"live\": true, \"has_unpublished_changes\": false, \"url_path\": \"/inicio/\", \"owner\": null, \"seo_title\": \"\", \"show_in_menus\": false, \"search_description\": \"\", \"go_live_at\": null, \"expire_at\": null, \"expired\": false, \"locked\": false, \"first_published_at\": \"2019-05-27T19:01:30.852Z\", \"last_published_at\": \"2019-05-28T12:46:03.586Z\", \"latest_revision_created_at\": \"2019-05-28T12:46:03.348Z\", \"live_revision\": 12}", "approved_go_live_at": null}}, {"model": "wagtailcore.pagerevision", "pk": 14, "fields": {"page": 10, "submitted_for_moderation": false, "created_at": "2019-05-28T13:18:05.649Z", "user": 1, "content_json": "{\"pk\": 10, \"path\": \"0001000100050001\", \"depth\": 4, \"numchild\": 0, \"title\": \"Un post sobre Santander Rio\", \"draft_title\": \"Un post sobre Santander Rio\", \"slug\": \"un-post-sobre-santander-rio\", \"content_type\": 36, \"live\": true, \"has_unpublished_changes\": false, \"url_path\": \"/inicio/blog/un-post-sobre-santander-rio/\", \"owner\": 1, \"seo_title\": \"\", \"show_in_menus\": false, \"search_description\": \"\", \"go_live_at\": null, \"expire_at\": null, \"expired\": false, \"locked\": false, \"first_published_at\": null, \"last_published_at\": null, \"latest_revision_created_at\": null, \"live_revision\": null, \"cover\": 3, \"content\": \"[{\\\"type\\\": \\\"text\\\", \\\"value\\\": \\\"Texto sobre Santander Rio\\\", \\\"id\\\": \\\"980ab7ff-b2cb-43bc-a60a-21e4273461f0\\\"}]\"}", "approved_go_live_at": null}}, {"model": "wagtailcore.pagerevision", "pk": 15, "fields": {"page": 4, "submitted_for_moderation": false, "created_at": "2019-05-28T13:47:15.689Z", "user": 1, "content_json": "{\"pk\": 4, \"path\": \"0001000100040001\", \"depth\": 4, \"numchild\": 0, \"title\": \"Ilustraciones para Santander Rio\", \"draft_title\": \"Ilustraciones para Santander Rio\", \"slug\": \"ilustraciones-para-santander-rio\", \"content_type\": 10, \"live\": true, \"has_unpublished_changes\": false, \"url_path\": \"/inicio/proyectos/ilustraciones-para-santander-rio/\", \"owner\": 1, \"seo_title\": \"\", \"show_in_menus\": false, \"search_description\": \"\", \"go_live_at\": null, \"expire_at\": null, \"expired\": false, \"locked\": false, \"first_published_at\": \"2019-05-27T19:01:04.073Z\", \"last_published_at\": \"2019-05-27T19:01:04.073Z\", \"latest_revision_created_at\": \"2019-05-27T19:01:04.014Z\", \"live_revision\": 2, \"cover\": null, \"project\": 1, \"featured_in_services\": true}", "approved_go_live_at": null}}, {"model": "wagtailcore.pagerevision", "pk": 16, "fields": {"page": 4, "submitted_for_moderation": false, "created_at": "2019-05-28T14:42:05.197Z", "user": 1, "content_json": "{\"pk\": 4, \"path\": \"0001000100040001\", \"depth\": 4, \"numchild\": 0, \"title\": \"Ilustraciones para Santander Rio\", \"draft_title\": \"Ilustraciones para Santander Rio\", \"slug\": \"ilustraciones-para-santander-rio\", \"content_type\": 10, \"live\": true, \"has_unpublished_changes\": false, \"url_path\": \"/inicio/proyectos/ilustraciones-para-santander-rio/\", \"owner\": 1, \"seo_title\": \"\", \"show_in_menus\": false, \"search_description\": \"\", \"go_live_at\": null, \"expire_at\": null, \"expired\": false, \"locked\": false, \"first_published_at\": \"2019-05-27T19:01:04.073Z\", \"last_published_at\": \"2019-05-28T13:47:16.075Z\", \"latest_revision_created_at\": \"2019-05-28T13:47:15.689Z\", \"live_revision\": 15, \"cover\": null, \"project\": 1, \"featured_in_services\": false}", "approved_go_live_at": null}}, {"model": "wagtailcore.pagerevision", "pk": 17, "fields": {"page": 4, "submitted_for_moderation": false, "created_at": "2019-05-28T14:42:24.345Z", "user": 1, "content_json": "{\"pk\": 4, \"path\": \"0001000100040001\", \"depth\": 4, \"numchild\": 0, \"title\": \"Ilustraciones para Santander Rio\", \"draft_title\": \"Ilustraciones para Santander Rio\", \"slug\": \"ilustraciones-para-santander-rio\", \"content_type\": 10, \"live\": true, \"has_unpublished_changes\": false, \"url_path\": \"/inicio/proyectos/ilustraciones-para-santander-rio/\", \"owner\": 1, \"seo_title\": \"\", \"show_in_menus\": false, \"search_description\": \"\", \"go_live_at\": null, \"expire_at\": null, \"expired\": false, \"locked\": false, \"first_published_at\": \"2019-05-27T19:01:04.073Z\", \"last_published_at\": \"2019-05-28T14:42:05.454Z\", \"latest_revision_created_at\": \"2019-05-28T14:42:05.197Z\", \"live_revision\": 16, \"cover\": null, \"project\": 1, \"featured_in_services\": true}", "approved_go_live_at": null}}, {"model": "wagtailcore.pagerevision", "pk": 18, "fields": {"page": 10, "submitted_for_moderation": false, "created_at": "2019-05-28T19:04:18.976Z", "user": 1, "content_json": "{\"pk\": 10, \"path\": \"0001000100050001\", \"depth\": 4, \"numchild\": 0, \"title\": \"Un post sobre Santander Rio\", \"draft_title\": \"Un post sobre Santander Rio\", \"slug\": \"un-post-sobre-santander-rio\", \"content_type\": 36, \"live\": true, \"has_unpublished_changes\": false, \"url_path\": \"/inicio/blog/un-post-sobre-santander-rio/\", \"owner\": 1, \"seo_title\": \"\", \"show_in_menus\": false, \"search_description\": \"\", \"go_live_at\": null, \"expire_at\": null, \"expired\": false, \"locked\": false, \"first_published_at\": \"2019-05-28T13:18:05.948Z\", \"last_published_at\": \"2019-05-28T13:18:05.948Z\", \"latest_revision_created_at\": \"2019-05-28T13:18:05.649Z\", \"live_revision\": 14, \"cover\": 3, \"is_use_case\": true, \"content\": \"[{\\\"type\\\": \\\"text\\\", \\\"value\\\": \\\"Texto sobre Santander Rio\\\", \\\"id\\\": \\\"980ab7ff-b2cb-43bc-a60a-21e4273461f0\\\"}]\"}", "approved_go_live_at": null}}, {"model": "wagtailcore.pagerevision", "pk": 19, "fields": {"page": 11, "submitted_for_moderation": false, "created_at": "2019-05-28T19:10:23.233Z", "user": 1, "content_json": "{\"pk\": 11, \"path\": \"0001000100040002\", \"depth\": 4, \"numchild\": 0, \"title\": \"Creamos la marca y sistema visual para S4.\", \"draft_title\": \"Creamos la marca y sistema visual para S4.\", \"slug\": \"creamos-la-marca-y-sistema-visual-para-s4\", \"content_type\": 10, \"live\": true, \"has_unpublished_changes\": false, \"url_path\": \"/inicio/proyectos/creamos-la-marca-y-sistema-visual-para-s4/\", \"owner\": 1, \"seo_title\": \"\", \"show_in_menus\": false, \"search_description\": \"\", \"go_live_at\": null, \"expire_at\": null, \"expired\": false, \"locked\": false, \"first_published_at\": null, \"last_published_at\": null, \"latest_revision_created_at\": null, \"live_revision\": null, \"cover\": null, \"project\": 4, \"featured_in_services\": false}", "approved_go_live_at": null}}, {"model": "wagtailcore.pagerevision", "pk": 20, "fields": {"page": 12, "submitted_for_moderation": false, "created_at": "2019-05-28T19:39:22.459Z", "user": 1, "content_json": "{\"pk\": 12, \"path\": \"0001000100050002\", \"depth\": 4, \"numchild\": 0, \"title\": \"Un post para probar\", \"draft_title\": \"Un post para probar\", \"slug\": \"un-post-para-probar\", \"content_type\": 36, \"live\": false, \"has_unpublished_changes\": false, \"url_path\": \"/inicio/blog/un-post-para-probar/\", \"owner\": 1, \"seo_title\": \"\", \"show_in_menus\": false, \"search_description\": \"\", \"go_live_at\": null, \"expire_at\": null, \"expired\": false, \"locked\": false, \"first_published_at\": null, \"last_published_at\": null, \"latest_revision_created_at\": null, \"live_revision\": null, \"cover\": 137, \"is_use_case\": false, \"content\": \"[{\\\"type\\\": \\\"text\\\", \\\"value\\\": \\\"Este es un buen post\\\", \\\"id\\\": \\\"632324f4-7083-44f5-8b74-4c8aae13134b\\\"}]\"}", "approved_go_live_at": null}}, {"model": "wagtailcore.pagerevision", "pk": 21, "fields": {"page": 12, "submitted_for_moderation": false, "created_at": "2019-05-28T19:40:21.898Z", "user": 1, "content_json": "{\"pk\": 12, \"path\": \"0001000100050002\", \"depth\": 4, \"numchild\": 0, \"title\": \"Un post para probar\", \"draft_title\": \"Un post para probar\", \"slug\": \"un-post-para-probar\", \"content_type\": 36, \"live\": false, \"has_unpublished_changes\": true, \"url_path\": \"/inicio/blog/un-post-para-probar/\", \"owner\": 1, \"seo_title\": \"\", \"show_in_menus\": false, \"search_description\": \"\", \"go_live_at\": null, \"expire_at\": null, \"expired\": false, \"locked\": false, \"first_published_at\": null, \"last_published_at\": null, \"latest_revision_created_at\": \"2019-05-28T19:39:22.459Z\", \"live_revision\": null, \"cover\": 137, \"is_use_case\": false, \"content\": \"[{\\\"type\\\": \\\"text\\\", \\\"value\\\": \\\"Este es un buen post\\\", \\\"id\\\": \\\"632324f4-7083-44f5-8b74-4c8aae13134b\\\"}]\"}", "approved_go_live_at": null}}, {"model": "wagtailcore.pagerevision", "pk": 22, "fields": {"page": 10, "submitted_for_moderation": false, "created_at": "2019-05-28T20:15:54.641Z", "user": 1, "content_json": "{\"pk\": 10, \"path\": \"0001000100050001\", \"depth\": 4, \"numchild\": 0, \"title\": \"Un post sobre Santander Rio\", \"draft_title\": \"Un post sobre Santander Rio\", \"slug\": \"un-post-sobre-santander-rio\", \"content_type\": 36, \"live\": true, \"has_unpublished_changes\": false, \"url_path\": \"/inicio/blog/un-post-sobre-santander-rio/\", \"owner\": 1, \"seo_title\": \"\", \"show_in_menus\": false, \"search_description\": \"\", \"go_live_at\": null, \"expire_at\": null, \"expired\": false, \"locked\": false, \"first_published_at\": \"2019-05-28T13:18:05.948Z\", \"last_published_at\": \"2019-05-28T19:04:19.385Z\", \"latest_revision_created_at\": \"2019-05-28T19:04:18.976Z\", \"live_revision\": 18, \"cover\": 3, \"is_use_case\": true, \"short_description\": \"Un caso de exito sobre Santander Rio\", \"likes\": 940, \"content\": \"[{\\\"type\\\": \\\"text\\\", \\\"value\\\": \\\"Texto sobre Santander Rio\\\", \\\"id\\\": \\\"980ab7ff-b2cb-43bc-a60a-21e4273461f0\\\"}]\"}", "approved_go_live_at": null}}, {"model": "wagtailcore.pagerevision", "pk": 23, "fields": {"page": 10, "submitted_for_moderation": false, "created_at": "2019-05-28T20:21:14.841Z", "user": 1, "content_json": "{\"pk\": 10, \"path\": \"0001000100050001\", \"depth\": 4, \"numchild\": 0, \"title\": \"Un post sobre Santander Rio\", \"draft_title\": \"Un post sobre Santander Rio\", \"slug\": \"un-post-sobre-santander-rio\", \"content_type\": 36, \"live\": true, \"has_unpublished_changes\": false, \"url_path\": \"/inicio/blog/un-post-sobre-santander-rio/\", \"owner\": 1, \"seo_title\": \"\", \"show_in_menus\": false, \"search_description\": \"\", \"go_live_at\": null, \"expire_at\": null, \"expired\": false, \"locked\": false, \"first_published_at\": \"2019-05-28T13:18:05.948Z\", \"last_published_at\": \"2019-05-28T20:15:54.964Z\", \"latest_revision_created_at\": \"2019-05-28T20:15:54.641Z\", \"live_revision\": 22, \"cover\": 3, \"is_use_case\": true, \"short_description\": \"Un caso de exito sobre Santander Rio\", \"likes\": 2357, \"content\": \"[{\\\"type\\\": \\\"text\\\", \\\"value\\\": \\\"Texto sobre Santander Rio\\\", \\\"id\\\": \\\"980ab7ff-b2cb-43bc-a60a-21e4273461f0\\\"}]\"}", "approved_go_live_at": null}}, {"model": "wagtailcore.pagerevision", "pk": 24, "fields": {"page": 13, "submitted_for_moderation": false, "created_at": "2019-05-29T14:09:04.233Z", "user": 1, "content_json": "{\"pk\": 13, \"path\": \"0001000100050003\", \"depth\": 4, \"numchild\": 0, \"title\": \"Rocket League\", \"draft_title\": \"Rocket League\", \"slug\": \"rocket-league\", \"content_type\": 36, \"live\": false, \"has_unpublished_changes\": false, \"url_path\": \"/inicio/blog/rocket-league/\", \"owner\": 1, \"seo_title\": \"\", \"show_in_menus\": false, \"search_description\": \"\", \"go_live_at\": null, \"expire_at\": null, \"expired\": false, \"locked\": false, \"first_published_at\": null, \"last_published_at\": null, \"latest_revision_created_at\": null, \"live_revision\": null, \"cover\": 138, \"is_use_case\": false, \"short_description\": \"\", \"likes\": 964, \"content\": \"[{\\\"type\\\": \\\"title\\\", \\\"value\\\": {\\\"title\\\": \\\"Rocket League\\\"}, \\\"id\\\": \\\"106edba6-fa9a-4041-8228-f840d592f114\\\"}, {\\\"type\\\": \\\"text\\\", \\\"value\\\": \\\"<p>Este juego tiene:</p><ul><li><a href=\\\\\\\"https://media.giphy.com/media/z5Kip8oECa8o0/giphy.gif\\\\\\\">diversion</a></li><li>buenos graficos</li><li>precio accesible</li></ul>\\\", \\\"id\\\": \\\"170c47b9-65e2-4e4a-a067-f62964112d12\\\"}, {\\\"type\\\": \\\"subtitle\\\", \\\"value\\\": {\\\"subtitle\\\": \\\"El mejor e-sport de todos los tiempos?\\\"}, \\\"id\\\": \\\"8d9274f9-bae9-42bb-98fc-cffdb5c4dca8\\\"}, {\\\"type\\\": \\\"text\\\", \\\"value\\\": \\\"<p>Tal vez...</p>\\\", \\\"id\\\": \\\"6f8f05b9-3aad-4b54-8f4b-a1b42d311617\\\"}, {\\\"type\\\": \\\"video\\\", \\\"value\\\": {\\\"youtube_video_id\\\": \\\"KNG7r1n6Jk8\\\"}, \\\"id\\\": \\\"20fa3598-9737-47c3-963a-69a8fbf84c70\\\"}, {\\\"type\\\": \\\"quote\\\", \\\"value\\\": {\\\"text\\\": \\\"Justin! Justin! THIS IS ROCKET LEAGUE!\\\"}, \\\"id\\\": \\\"2be2a521-421e-4f30-a37c-27345ff1736f\\\"}]\"}", "approved_go_live_at": null}}, {"model": "wagtailcore.pagerevision", "pk": 25, "fields": {"page": 13, "submitted_for_moderation": false, "created_at": "2019-05-29T14:29:30.452Z", "user": 1, "content_json": "{\"pk\": 13, \"path\": \"0001000100050003\", \"depth\": 4, \"numchild\": 0, \"title\": \"Rocket League\", \"draft_title\": \"Rocket League\", \"slug\": \"rocket-league\", \"content_type\": 36, \"live\": false, \"has_unpublished_changes\": true, \"url_path\": \"/inicio/blog/rocket-league/\", \"owner\": 1, \"seo_title\": \"\", \"show_in_menus\": false, \"search_description\": \"\", \"go_live_at\": null, \"expire_at\": null, \"expired\": false, \"locked\": false, \"first_published_at\": null, \"last_published_at\": null, \"latest_revision_created_at\": \"2019-05-29T14:09:04.233Z\", \"live_revision\": null, \"cover\": 138, \"is_use_case\": false, \"short_description\": \"\", \"likes\": 964, \"content\": \"[{\\\"type\\\": \\\"title\\\", \\\"value\\\": {\\\"title\\\": \\\"Rocket League\\\"}, \\\"id\\\": \\\"106edba6-fa9a-4041-8228-f840d592f114\\\"}, {\\\"type\\\": \\\"fw_image\\\", \\\"value\\\": {\\\"image\\\": 138}, \\\"id\\\": \\\"333cb108-545a-4d6f-9247-8f12e2ca6c08\\\"}, {\\\"type\\\": \\\"text\\\", \\\"value\\\": \\\"<p>Este juego tiene:</p><ul><li><a href=\\\\\\\"https://media.giphy.com/media/z5Kip8oECa8o0/giphy.gif\\\\\\\">diversion</a></li><li>buenos graficos</li><li>precio accesible</li></ul>\\\", \\\"id\\\": \\\"170c47b9-65e2-4e4a-a067-f62964112d12\\\"}, {\\\"type\\\": \\\"subtitle\\\", \\\"value\\\": {\\\"subtitle\\\": \\\"El mejor e-sport de todos los tiempos?\\\"}, \\\"id\\\": \\\"8d9274f9-bae9-42bb-98fc-cffdb5c4dca8\\\"}, {\\\"type\\\": \\\"text\\\", \\\"value\\\": \\\"<p>Tal vez...</p>\\\", \\\"id\\\": \\\"6f8f05b9-3aad-4b54-8f4b-a1b42d311617\\\"}, {\\\"type\\\": \\\"video\\\", \\\"value\\\": {\\\"youtube_video_id\\\": \\\"KNG7r1n6Jk8\\\"}, \\\"id\\\": \\\"20fa3598-9737-47c3-963a-69a8fbf84c70\\\"}, {\\\"type\\\": \\\"quote\\\", \\\"value\\\": {\\\"text\\\": \\\"Justin! Justin! THIS IS ROCKET LEAGUE!\\\"}, \\\"id\\\": \\\"2be2a521-421e-4f30-a37c-27345ff1736f\\\"}]\"}", "approved_go_live_at": null}}, {"model": "wagtailcore.pagerevision", "pk": 26, "fields": {"page": 13, "submitted_for_moderation": false, "created_at": "2019-05-29T14:35:10.227Z", "user": 1, "content_json": "{\"pk\": 13, \"path\": \"0001000100050003\", \"depth\": 4, \"numchild\": 0, \"title\": \"Rocket League\", \"draft_title\": \"Rocket League\", \"slug\": \"rocket-league\", \"content_type\": 36, \"live\": false, \"has_unpublished_changes\": true, \"url_path\": \"/inicio/blog/rocket-league/\", \"owner\": 1, \"seo_title\": \"\", \"show_in_menus\": false, \"search_description\": \"\", \"go_live_at\": null, \"expire_at\": null, \"expired\": false, \"locked\": false, \"first_published_at\": null, \"last_published_at\": null, \"latest_revision_created_at\": \"2019-05-29T14:29:30.452Z\", \"live_revision\": null, \"cover\": 138, \"is_use_case\": false, \"short_description\": \"\", \"likes\": 964, \"content\": \"[{\\\"type\\\": \\\"title\\\", \\\"value\\\": {\\\"title\\\": \\\"Rocket League\\\"}, \\\"id\\\": \\\"106edba6-fa9a-4041-8228-f840d592f114\\\"}, {\\\"type\\\": \\\"fw_image\\\", \\\"value\\\": {\\\"image\\\": 138}, \\\"id\\\": \\\"333cb108-545a-4d6f-9247-8f12e2ca6c08\\\"}, {\\\"type\\\": \\\"text\\\", \\\"value\\\": \\\"<p>Este juego tiene:</p><ul><li><a href=\\\\\\\"https://media.giphy.com/media/z5Kip8oECa8o0/giphy.gif\\\\\\\">diversion</a></li><li>buenos graficos</li><li>precio accesible</li></ul>\\\", \\\"id\\\": \\\"170c47b9-65e2-4e4a-a067-f62964112d12\\\"}, {\\\"type\\\": \\\"subtitle\\\", \\\"value\\\": {\\\"subtitle\\\": \\\"El mejor e-sport de todos los tiempos?\\\"}, \\\"id\\\": \\\"8d9274f9-bae9-42bb-98fc-cffdb5c4dca8\\\"}, {\\\"type\\\": \\\"text\\\", \\\"value\\\": \\\"<p>Tal vez...</p>\\\", \\\"id\\\": \\\"6f8f05b9-3aad-4b54-8f4b-a1b42d311617\\\"}, {\\\"type\\\": \\\"video\\\", \\\"value\\\": {\\\"youtube_video_id\\\": \\\"KNG7r1n6Jk8\\\"}, \\\"id\\\": \\\"20fa3598-9737-47c3-963a-69a8fbf84c70\\\"}, {\\\"type\\\": \\\"image\\\", \\\"value\\\": {\\\"image\\\": 138}, \\\"id\\\": \\\"47977566-5836-496c-89fb-74426b667de9\\\"}, {\\\"type\\\": \\\"quote\\\", \\\"value\\\": {\\\"text\\\": \\\"Justin! Justin! THIS IS ROCKET LEAGUE!\\\"}, \\\"id\\\": \\\"2be2a521-421e-4f30-a37c-27345ff1736f\\\"}]\"}", "approved_go_live_at": null}}, {"model": "wagtailcore.pagerevision", "pk": 27, "fields": {"page": 13, "submitted_for_moderation": false, "created_at": "2019-05-29T14:43:58.854Z", "user": 1, "content_json": "{\"pk\": 13, \"path\": \"0001000100050003\", \"depth\": 4, \"numchild\": 0, \"title\": \"Rocket League\", \"draft_title\": \"Rocket League\", \"slug\": \"rocket-league\", \"content_type\": 36, \"live\": false, \"has_unpublished_changes\": true, \"url_path\": \"/inicio/blog/rocket-league/\", \"owner\": 1, \"seo_title\": \"\", \"show_in_menus\": false, \"search_description\": \"\", \"go_live_at\": null, \"expire_at\": null, \"expired\": false, \"locked\": false, \"first_published_at\": null, \"last_published_at\": null, \"latest_revision_created_at\": \"2019-05-29T14:35:10.227Z\", \"live_revision\": null, \"cover\": 138, \"is_use_case\": false, \"short_description\": \"\", \"likes\": 964, \"content\": \"[{\\\"type\\\": \\\"title\\\", \\\"value\\\": {\\\"title\\\": \\\"Rocket League\\\"}, \\\"id\\\": \\\"106edba6-fa9a-4041-8228-f840d592f114\\\"}, {\\\"type\\\": \\\"title_image\\\", \\\"value\\\": {\\\"image\\\": 138}, \\\"id\\\": \\\"15be2770-4d06-407f-9b7a-242532c14395\\\"}, {\\\"type\\\": \\\"text\\\", \\\"value\\\": \\\"<p>Este juego tiene:</p><ul><li><a href=\\\\\\\"https://media.giphy.com/media/z5Kip8oECa8o0/giphy.gif\\\\\\\">diversion</a></li><li>buenos graficos</li><li>precio accesible</li></ul>\\\", \\\"id\\\": \\\"170c47b9-65e2-4e4a-a067-f62964112d12\\\"}, {\\\"type\\\": \\\"fw_image\\\", \\\"value\\\": {\\\"image\\\": 138}, \\\"id\\\": \\\"1f2f8d5c-67ba-46d5-b189-ed5dcc12080e\\\"}, {\\\"type\\\": \\\"subtitle\\\", \\\"value\\\": {\\\"subtitle\\\": \\\"El mejor e-sport de todos los tiempos?\\\"}, \\\"id\\\": \\\"8d9274f9-bae9-42bb-98fc-cffdb5c4dca8\\\"}, {\\\"type\\\": \\\"text\\\", \\\"value\\\": \\\"<p>Tal vez...</p>\\\", \\\"id\\\": \\\"6f8f05b9-3aad-4b54-8f4b-a1b42d311617\\\"}, {\\\"type\\\": \\\"video\\\", \\\"value\\\": {\\\"youtube_video_id\\\": \\\"KNG7r1n6Jk8\\\"}, \\\"id\\\": \\\"20fa3598-9737-47c3-963a-69a8fbf84c70\\\"}, {\\\"type\\\": \\\"quote\\\", \\\"value\\\": {\\\"text\\\": \\\"Justin! Justin! THIS IS ROCKET LEAGUE!\\\"}, \\\"id\\\": \\\"2be2a521-421e-4f30-a37c-27345ff1736f\\\"}, {\\\"type\\\": \\\"text_image\\\", \\\"value\\\": {\\\"image\\\": 138}, \\\"id\\\": \\\"e190d023-b6b1-4ae3-a6a2-3a8162b7eacd\\\"}]\"}", "approved_go_live_at": null}}, {"model": "wagtailcore.pagerevision", "pk": 28, "fields": {"page": 13, "submitted_for_moderation": false, "created_at": "2019-05-29T14:51:33.488Z", "user": 1, "content_json": "{\"pk\": 13, \"path\": \"0001000100050003\", \"depth\": 4, \"numchild\": 0, \"title\": \"Rocket League\", \"draft_title\": \"Rocket League\", \"slug\": \"rocket-league\", \"content_type\": 36, \"live\": false, \"has_unpublished_changes\": true, \"url_path\": \"/inicio/blog/rocket-league/\", \"owner\": 1, \"seo_title\": \"\", \"show_in_menus\": false, \"search_description\": \"\", \"go_live_at\": null, \"expire_at\": null, \"expired\": false, \"locked\": false, \"first_published_at\": null, \"last_published_at\": null, \"latest_revision_created_at\": \"2019-05-29T14:43:58.854Z\", \"live_revision\": null, \"cover\": 138, \"is_use_case\": false, \"short_description\": \"\", \"likes\": 964, \"content\": \"[{\\\"type\\\": \\\"title\\\", \\\"value\\\": {\\\"title\\\": \\\"Rocket League\\\"}, \\\"id\\\": \\\"106edba6-fa9a-4041-8228-f840d592f114\\\"}, {\\\"type\\\": \\\"title_image\\\", \\\"value\\\": {\\\"image\\\": 138, \\\"caption\\\": \\\"Una imagen debajo del t\\\\u00edtulo\\\"}, \\\"id\\\": \\\"15be2770-4d06-407f-9b7a-242532c14395\\\"}, {\\\"type\\\": \\\"text\\\", \\\"value\\\": \\\"<p>Este juego tiene:</p><ul><li><a href=\\\\\\\"https://media.giphy.com/media/z5Kip8oECa8o0/giphy.gif\\\\\\\">diversion</a></li><li>buenos graficos</li><li>precio accesible</li></ul>\\\", \\\"id\\\": \\\"170c47b9-65e2-4e4a-a067-f62964112d12\\\"}, {\\\"type\\\": \\\"fw_image\\\", \\\"value\\\": {\\\"image\\\": 138, \\\"caption\\\": \\\"Esta imagen es full width\\\"}, \\\"id\\\": \\\"1f2f8d5c-67ba-46d5-b189-ed5dcc12080e\\\"}, {\\\"type\\\": \\\"subtitle\\\", \\\"value\\\": {\\\"subtitle\\\": \\\"El mejor e-sport de todos los tiempos?\\\"}, \\\"id\\\": \\\"8d9274f9-bae9-42bb-98fc-cffdb5c4dca8\\\"}, {\\\"type\\\": \\\"text\\\", \\\"value\\\": \\\"<p>Tal vez...</p>\\\", \\\"id\\\": \\\"6f8f05b9-3aad-4b54-8f4b-a1b42d311617\\\"}, {\\\"type\\\": \\\"video\\\", \\\"value\\\": {\\\"youtube_video_id\\\": \\\"KNG7r1n6Jk8\\\"}, \\\"id\\\": \\\"20fa3598-9737-47c3-963a-69a8fbf84c70\\\"}, {\\\"type\\\": \\\"quote\\\", \\\"value\\\": {\\\"text\\\": \\\"Justin! Justin! THIS IS ROCKET LEAGUE!\\\"}, \\\"id\\\": \\\"2be2a521-421e-4f30-a37c-27345ff1736f\\\"}, {\\\"type\\\": \\\"text_image\\\", \\\"value\\\": {\\\"image\\\": 138, \\\"caption\\\": \\\"Esta imagen esta adaptada a la caja\\\"}, \\\"id\\\": \\\"e190d023-b6b1-4ae3-a6a2-3a8162b7eacd\\\"}]\"}", "approved_go_live_at": null}}, {"model": "wagtailcore.pagerevision", "pk": 29, "fields": {"page": 13, "submitted_for_moderation": false, "created_at": "2019-05-29T15:07:16.950Z", "user": 1, "content_json": "{\"pk\": 13, \"path\": \"0001000100050003\", \"depth\": 4, \"numchild\": 0, \"title\": \"Rocket League\", \"draft_title\": \"Rocket League\", \"slug\": \"rocket-league\", \"content_type\": 36, \"live\": false, \"has_unpublished_changes\": true, \"url_path\": \"/inicio/blog/rocket-league/\", \"owner\": 1, \"seo_title\": \"\", \"show_in_menus\": false, \"search_description\": \"\", \"go_live_at\": null, \"expire_at\": null, \"expired\": false, \"locked\": false, \"first_published_at\": null, \"last_published_at\": null, \"latest_revision_created_at\": \"2019-05-29T14:51:33.488Z\", \"live_revision\": null, \"cover\": 138, \"is_use_case\": false, \"short_description\": \"\", \"likes\": 964, \"content\": \"[{\\\"type\\\": \\\"title\\\", \\\"value\\\": {\\\"title\\\": \\\"Rocket League\\\"}, \\\"id\\\": \\\"106edba6-fa9a-4041-8228-f840d592f114\\\"}, {\\\"type\\\": \\\"title_image\\\", \\\"value\\\": {\\\"image\\\": 138, \\\"caption\\\": \\\"Una imagen debajo del t\\\\u00edtulo\\\"}, \\\"id\\\": \\\"15be2770-4d06-407f-9b7a-242532c14395\\\"}, {\\\"type\\\": \\\"text\\\", \\\"value\\\": \\\"<p>Este juego tiene:</p><ul><li><a href=\\\\\\\"https://media.giphy.com/media/z5Kip8oECa8o0/giphy.gif\\\\\\\">diversion</a></li><li>buenos graficos</li><li>precio accesible</li></ul>\\\", \\\"id\\\": \\\"170c47b9-65e2-4e4a-a067-f62964112d12\\\"}, {\\\"type\\\": \\\"fw_image\\\", \\\"value\\\": {\\\"image\\\": 138, \\\"caption\\\": \\\"Esta imagen es full width\\\"}, \\\"id\\\": \\\"1f2f8d5c-67ba-46d5-b189-ed5dcc12080e\\\"}, {\\\"type\\\": \\\"subtitle\\\", \\\"value\\\": {\\\"subtitle\\\": \\\"El mejor e-sport de todos los tiempos?\\\"}, \\\"id\\\": \\\"8d9274f9-bae9-42bb-98fc-cffdb5c4dca8\\\"}, {\\\"type\\\": \\\"text\\\", \\\"value\\\": \\\"<p>Tal vez...</p>\\\", \\\"id\\\": \\\"6f8f05b9-3aad-4b54-8f4b-a1b42d311617\\\"}, {\\\"type\\\": \\\"video\\\", \\\"value\\\": {\\\"youtube_video_id\\\": \\\"KNG7r1n6Jk8\\\"}, \\\"id\\\": \\\"20fa3598-9737-47c3-963a-69a8fbf84c70\\\"}, {\\\"type\\\": \\\"quote\\\", \\\"value\\\": {\\\"text\\\": \\\"Justin! Justin! THIS IS ROCKET LEAGUE!\\\"}, \\\"id\\\": \\\"2be2a521-421e-4f30-a37c-27345ff1736f\\\"}, {\\\"type\\\": \\\"text_image\\\", \\\"value\\\": {\\\"image\\\": 138, \\\"caption\\\": \\\"Esta imagen esta adaptada a la caja\\\"}, \\\"id\\\": \\\"e190d023-b6b1-4ae3-a6a2-3a8162b7eacd\\\"}, {\\\"type\\\": \\\"project\\\", \\\"value\\\": {\\\"project\\\": 4}, \\\"id\\\": \\\"b5650c8c-494d-41e6-8c84-8be6514cc20a\\\"}]\"}", "approved_go_live_at": null}}, {"model": "wagtailcore.pagerevision", "pk": 30, "fields": {"page": 13, "submitted_for_moderation": false, "created_at": "2019-05-29T15:14:34.785Z", "user": 1, "content_json": "{\"pk\": 13, \"path\": \"0001000100050003\", \"depth\": 4, \"numchild\": 0, \"title\": \"Rocket League\", \"draft_title\": \"Rocket League\", \"slug\": \"rocket-league\", \"content_type\": 36, \"live\": false, \"has_unpublished_changes\": true, \"url_path\": \"/inicio/blog/rocket-league/\", \"owner\": 1, \"seo_title\": \"\", \"show_in_menus\": false, \"search_description\": \"\", \"go_live_at\": null, \"expire_at\": null, \"expired\": false, \"locked\": false, \"first_published_at\": null, \"last_published_at\": null, \"latest_revision_created_at\": \"2019-05-29T15:07:16.950Z\", \"live_revision\": null, \"cover\": 138, \"is_use_case\": false, \"short_description\": \"\", \"likes\": 964, \"content\": \"[{\\\"type\\\": \\\"title\\\", \\\"value\\\": {\\\"title\\\": \\\"Rocket League\\\"}, \\\"id\\\": \\\"106edba6-fa9a-4041-8228-f840d592f114\\\"}, {\\\"type\\\": \\\"title_image\\\", \\\"value\\\": {\\\"image\\\": 138, \\\"caption\\\": \\\"Una imagen debajo del t\\\\u00edtulo\\\"}, \\\"id\\\": \\\"15be2770-4d06-407f-9b7a-242532c14395\\\"}, {\\\"type\\\": \\\"text\\\", \\\"value\\\": \\\"<p>Este juego tiene:</p><ul><li><a href=\\\\\\\"https://media.giphy.com/media/z5Kip8oECa8o0/giphy.gif\\\\\\\">diversion</a></li><li>buenos graficos</li><li>precio accesible</li></ul>\\\", \\\"id\\\": \\\"170c47b9-65e2-4e4a-a067-f62964112d12\\\"}, {\\\"type\\\": \\\"fw_image\\\", \\\"value\\\": {\\\"image\\\": 138, \\\"caption\\\": \\\"Esta imagen es full width\\\"}, \\\"id\\\": \\\"1f2f8d5c-67ba-46d5-b189-ed5dcc12080e\\\"}, {\\\"type\\\": \\\"subtitle\\\", \\\"value\\\": {\\\"subtitle\\\": \\\"El mejor e-sport de todos los tiempos?\\\"}, \\\"id\\\": \\\"8d9274f9-bae9-42bb-98fc-cffdb5c4dca8\\\"}, {\\\"type\\\": \\\"text\\\", \\\"value\\\": \\\"<p>Tal vez...</p>\\\", \\\"id\\\": \\\"6f8f05b9-3aad-4b54-8f4b-a1b42d311617\\\"}, {\\\"type\\\": \\\"video\\\", \\\"value\\\": {\\\"youtube_video_id\\\": \\\"KNG7r1n6Jk8\\\"}, \\\"id\\\": \\\"20fa3598-9737-47c3-963a-69a8fbf84c70\\\"}, {\\\"type\\\": \\\"quote\\\", \\\"value\\\": {\\\"text\\\": \\\"Justin! Justin! THIS IS ROCKET LEAGUE!\\\"}, \\\"id\\\": \\\"2be2a521-421e-4f30-a37c-27345ff1736f\\\"}, {\\\"type\\\": \\\"text_image\\\", \\\"value\\\": {\\\"image\\\": 138, \\\"caption\\\": \\\"Esta imagen esta adaptada a la caja\\\"}, \\\"id\\\": \\\"e190d023-b6b1-4ae3-a6a2-3a8162b7eacd\\\"}, {\\\"type\\\": \\\"project\\\", \\\"value\\\": {\\\"project\\\": 11}, \\\"id\\\": \\\"b5650c8c-494d-41e6-8c84-8be6514cc20a\\\"}]\"}", "approved_go_live_at": null}}, {"model": "wagtailcore.pagerevision", "pk": 31, "fields": {"page": 13, "submitted_for_moderation": false, "created_at": "2019-05-29T15:16:06.635Z", "user": 1, "content_json": "{\"pk\": 13, \"path\": \"0001000100050003\", \"depth\": 4, \"numchild\": 0, \"title\": \"Rocket League\", \"draft_title\": \"Rocket League\", \"slug\": \"rocket-league\", \"content_type\": 36, \"live\": false, \"has_unpublished_changes\": true, \"url_path\": \"/inicio/blog/rocket-league/\", \"owner\": 1, \"seo_title\": \"\", \"show_in_menus\": false, \"search_description\": \"\", \"go_live_at\": null, \"expire_at\": null, \"expired\": false, \"locked\": false, \"first_published_at\": null, \"last_published_at\": null, \"latest_revision_created_at\": \"2019-05-29T15:14:34.785Z\", \"live_revision\": null, \"cover\": 138, \"is_use_case\": false, \"short_description\": \"\", \"likes\": 964, \"content\": \"[{\\\"type\\\": \\\"title\\\", \\\"value\\\": {\\\"title\\\": \\\"Rocket League\\\"}, \\\"id\\\": \\\"106edba6-fa9a-4041-8228-f840d592f114\\\"}, {\\\"type\\\": \\\"title_image\\\", \\\"value\\\": {\\\"image\\\": 138, \\\"caption\\\": \\\"Una imagen debajo del t\\\\u00edtulo\\\"}, \\\"id\\\": \\\"15be2770-4d06-407f-9b7a-242532c14395\\\"}, {\\\"type\\\": \\\"text\\\", \\\"value\\\": \\\"<p>Este juego tiene:</p><ul><li><a href=\\\\\\\"https://media.giphy.com/media/z5Kip8oECa8o0/giphy.gif\\\\\\\">diversion</a></li><li>buenos graficos</li><li>precio accesible</li></ul>\\\", \\\"id\\\": \\\"170c47b9-65e2-4e4a-a067-f62964112d12\\\"}, {\\\"type\\\": \\\"fw_image\\\", \\\"value\\\": {\\\"image\\\": 138, \\\"caption\\\": \\\"Esta imagen es full width\\\"}, \\\"id\\\": \\\"1f2f8d5c-67ba-46d5-b189-ed5dcc12080e\\\"}, {\\\"type\\\": \\\"subtitle\\\", \\\"value\\\": {\\\"subtitle\\\": \\\"El mejor e-sport de todos los tiempos?\\\"}, \\\"id\\\": \\\"8d9274f9-bae9-42bb-98fc-cffdb5c4dca8\\\"}, {\\\"type\\\": \\\"text\\\", \\\"value\\\": \\\"<p>Tal vez...</p>\\\", \\\"id\\\": \\\"6f8f05b9-3aad-4b54-8f4b-a1b42d311617\\\"}, {\\\"type\\\": \\\"video\\\", \\\"value\\\": {\\\"youtube_video_id\\\": \\\"KNG7r1n6Jk8\\\"}, \\\"id\\\": \\\"20fa3598-9737-47c3-963a-69a8fbf84c70\\\"}, {\\\"type\\\": \\\"quote\\\", \\\"value\\\": {\\\"text\\\": \\\"Justin! Justin! THIS IS ROCKET LEAGUE!\\\"}, \\\"id\\\": \\\"2be2a521-421e-4f30-a37c-27345ff1736f\\\"}, {\\\"type\\\": \\\"text_image\\\", \\\"value\\\": {\\\"image\\\": 138, \\\"caption\\\": \\\"Esta imagen esta adaptada a la caja\\\"}, \\\"id\\\": \\\"e190d023-b6b1-4ae3-a6a2-3a8162b7eacd\\\"}, {\\\"type\\\": \\\"project\\\", \\\"value\\\": {\\\"project\\\": 11}, \\\"id\\\": \\\"b5650c8c-494d-41e6-8c84-8be6514cc20a\\\"}]\"}", "approved_go_live_at": null}}, {"model": "wagtailcore.pagerevision", "pk": 32, "fields": {"page": 14, "submitted_for_moderation": false, "created_at": "2019-05-29T15:30:40.475Z", "user": 1, "content_json": "{\"pk\": 14, \"path\": \"0001000100060001\", \"depth\": 4, \"numchild\": 0, \"title\": \"Full-stack Developer Semi Senior\", \"draft_title\": \"Full-stack Developer Semi Senior\", \"slug\": \"full-stack-developer-semi-senior\", \"content_type\": 38, \"live\": true, \"has_unpublished_changes\": false, \"url_path\": \"/inicio/postulate/full-stack-developer-semi-senior/\", \"owner\": 1, \"seo_title\": \"\", \"show_in_menus\": false, \"search_description\": \"\", \"go_live_at\": null, \"expire_at\": null, \"expired\": false, \"locked\": false, \"first_published_at\": null, \"last_published_at\": null, \"latest_revision_created_at\": null, \"live_revision\": null, \"cover\": 137, \"short_description\": \"stamos buscando desarrollador con habilidades de full-stack que quiera sumarse al equipo y enfrentar nuevos desaf\\u00edos que realmente agreguen valor a su carrera profesional.\", \"content\": \"[]\"}", "approved_go_live_at": null}}, {"model": "wagtailcore.pagerevision", "pk": 33, "fields": {"page": 14, "submitted_for_moderation": false, "created_at": "2019-05-29T15:39:06.095Z", "user": 1, "content_json": "{\"pk\": 14, \"path\": \"0001000100060001\", \"depth\": 4, \"numchild\": 0, \"title\": \"Full-stack Developer Semi Senior\", \"draft_title\": \"Full-stack Developer Semi Senior\", \"slug\": \"full-stack-developer-semi-senior\", \"content_type\": 38, \"live\": true, \"has_unpublished_changes\": false, \"url_path\": \"/inicio/postulate/full-stack-developer-semi-senior/\", \"owner\": 1, \"seo_title\": \"\", \"show_in_menus\": false, \"search_description\": \"\", \"go_live_at\": null, \"expire_at\": null, \"expired\": false, \"locked\": false, \"first_published_at\": \"2019-05-29T15:30:40.854Z\", \"last_published_at\": \"2019-05-29T15:30:40.854Z\", \"latest_revision_created_at\": \"2019-05-29T15:30:40.475Z\", \"live_revision\": 32, \"cover\": 137, \"short_description\": \"stamos buscando desarrollador con habilidades de full-stack que quiera sumarse al equipo y enfrentar nuevos desaf\\u00edos que realmente agreguen valor a su carrera profesional.\", \"content\": \"[{\\\"type\\\": \\\"title\\\", \\\"value\\\": {\\\"title\\\": \\\"Full-stack developer semi senior\\\"}, \\\"id\\\": \\\"c10a8ee5-f087-4ce0-af3a-7534b2eb00a8\\\"}, {\\\"type\\\": \\\"text_image\\\", \\\"value\\\": {\\\"image\\\": 137, \\\"caption\\\": \\\"\\\"}, \\\"id\\\": \\\"96440996-bf13-40f3-8bbe-882c6b74437d\\\"}, {\\\"type\\\": \\\"text\\\", \\\"value\\\": \\\"<p>Estamos buscando desarrollador con habilidades de full-stack que quiera sumarse al equipo y enfrentar nuevos desaf\\\\u00edos que realmente agreguen valor a su carrera profesional.</p><p>El rol requiere responsabilidad, proactividad, trabajo en equipo y ganas de crecer profesionalmente.</p>\\\", \\\"id\\\": \\\"ed6ed6e6-103f-47a9-8a7e-f1515e09d176\\\"}, {\\\"type\\\": \\\"subtitle\\\", \\\"value\\\": {\\\"subtitle\\\": \\\"Habilidades t\\\\u00e9cnicas\\\"}, \\\"id\\\": \\\"d2834c31-9db5-4f87-a363-9307e5683096\\\"}, {\\\"type\\\": \\\"text\\\", \\\"value\\\": \\\"<ul><li> Dominio de PHP (Manejo de Laravel es un plus)</li><li>Dominio de MySQL</li><li>Manejo de arquitectura MVC</li><li>Conocimientos de servicios REST</li><li>Familiarizado con el uso de herramientas como GitHub, Composer, Bower, Gulp.</li><li>CSS (sass es un plus)</li><li>HTML</li><li>Javascript</li></ul>\\\", \\\"id\\\": \\\"3b871672-ae06-4d8d-acb8-1b7afe31cfe4\\\"}, {\\\"type\\\": \\\"text\\\", \\\"value\\\": \\\"<p> Ofrecemos excelentes condiciones de contrataci\\\\u00f3n, remuneraci\\\\u00f3n y, lo m\\\\u00e1s importante, sabemos escuchar las expectativas personales y profesionales para construir un plan de carrera que re\\\\u00fana tus objetivos con los de la empresa.</p><p><b>Horario de trabajo:</b> Full time 9 a 18 hs<br/><b>Contrataci\\\\u00f3n Inmediata.</b><br/><b>Lugar de trabajo:</b> Oficina central de la Agencia en Villa Crespo.</p><p>Envianos tu CV + Remuneraci\\\\u00f3n pretendida a <a href=\\\\\\\"mailto:hunting@egoargentina.com\\\\\\\">hunting@egoargentina.com</a> ref:&quot;FullStack&quot;</p>\\\", \\\"id\\\": \\\"7c16b048-0d4b-467e-b828-22f1184ae9b8\\\"}]\"}", "approved_go_live_at": null}}, {"model": "wagtailcore.pagerevision", "pk": 34, "fields": {"page": 14, "submitted_for_moderation": false, "created_at": "2019-05-29T15:39:49.709Z", "user": 1, "content_json": "{\"pk\": 14, \"path\": \"0001000100060001\", \"depth\": 4, \"numchild\": 0, \"title\": \"Full-stack Developer Semi Senior\", \"draft_title\": \"Full-stack Developer Semi Senior\", \"slug\": \"full-stack-developer-semi-senior\", \"content_type\": 38, \"live\": true, \"has_unpublished_changes\": true, \"url_path\": \"/inicio/postulate/full-stack-developer-semi-senior/\", \"owner\": 1, \"seo_title\": \"\", \"show_in_menus\": false, \"search_description\": \"\", \"go_live_at\": null, \"expire_at\": null, \"expired\": false, \"locked\": false, \"first_published_at\": \"2019-05-29T15:30:40.854Z\", \"last_published_at\": \"2019-05-29T15:30:40.854Z\", \"latest_revision_created_at\": \"2019-05-29T15:39:06.095Z\", \"live_revision\": 32, \"cover\": 137, \"short_description\": \"stamos buscando desarrollador con habilidades de full-stack que quiera sumarse al equipo y enfrentar nuevos desaf\\u00edos que realmente agreguen valor a su carrera profesional.\", \"content\": \"[{\\\"type\\\": \\\"title\\\", \\\"value\\\": {\\\"title\\\": \\\"Full-stack developer semi senior\\\"}, \\\"id\\\": \\\"c10a8ee5-f087-4ce0-af3a-7534b2eb00a8\\\"}, {\\\"type\\\": \\\"text_image\\\", \\\"value\\\": {\\\"image\\\": 137, \\\"caption\\\": \\\"\\\"}, \\\"id\\\": \\\"96440996-bf13-40f3-8bbe-882c6b74437d\\\"}, {\\\"type\\\": \\\"text\\\", \\\"value\\\": \\\"<p>Estamos buscando desarrollador con habilidades de full-stack que quiera sumarse al equipo y enfrentar nuevos desaf\\\\u00edos que realmente agreguen valor a su carrera profesional.</p><p>El rol requiere responsabilidad, proactividad, trabajo en equipo y ganas de crecer profesionalmente.</p>\\\", \\\"id\\\": \\\"ed6ed6e6-103f-47a9-8a7e-f1515e09d176\\\"}, {\\\"type\\\": \\\"subtitle\\\", \\\"value\\\": {\\\"subtitle\\\": \\\"Habilidades t\\\\u00e9cnicas\\\"}, \\\"id\\\": \\\"d2834c31-9db5-4f87-a363-9307e5683096\\\"}, {\\\"type\\\": \\\"text\\\", \\\"value\\\": \\\"<ul><li>Dominio de PHP (Manejo de Laravel es un plus)</li><li>Dominio de MySQL</li><li>Manejo de arquitectura MVC</li><li>Conocimientos de servicios REST</li><li>Familiarizado con el uso de herramientas como GitHub, Composer, Bower, Gulp.</li><li>CSS (sass es un plus)</li><li>HTML</li><li>Javascript</li></ul>\\\", \\\"id\\\": \\\"3b871672-ae06-4d8d-acb8-1b7afe31cfe4\\\"}, {\\\"type\\\": \\\"text\\\", \\\"value\\\": \\\"<p>Ofrecemos excelentes condiciones de contrataci\\\\u00f3n, remuneraci\\\\u00f3n y, lo m\\\\u00e1s importante, sabemos escuchar las expectativas personales y profesionales para construir un plan de carrera que re\\\\u00fana tus objetivos con los de la empresa.</p><p><b>Horario de trabajo:</b> Full time 9 a 18 hs<br/><b>Contrataci\\\\u00f3n Inmediata.</b><br/><b>Lugar de trabajo:</b> Oficina central de la Agencia en Villa Crespo.</p><p>Envianos tu CV + Remuneraci\\\\u00f3n pretendida a <a href=\\\\\\\"mailto:hunting@egoargentina.com\\\\\\\">hunting@egoargentina.com</a> ref:&quot;FullStack&quot;</p>\\\", \\\"id\\\": \\\"7c16b048-0d4b-467e-b828-22f1184ae9b8\\\"}]\"}", "approved_go_live_at": null}}, {"model": "wagtailcore.pagerevision", "pk": 35, "fields": {"page": 2, "submitted_for_moderation": false, "created_at": "2019-05-29T17:30:23.410Z", "user": 1, "content_json": "{\"pk\": 2, \"path\": \"00010001\", \"depth\": 2, \"numchild\": 6, \"title\": \"Inicio\", \"draft_title\": \"Inicio\", \"slug\": \"inicio\", \"content_type\": 5, \"live\": true, \"has_unpublished_changes\": false, \"url_path\": \"/inicio/\", \"owner\": null, \"seo_title\": \"\", \"show_in_menus\": false, \"search_description\": \"\", \"go_live_at\": null, \"expire_at\": null, \"expired\": false, \"locked\": false, \"first_published_at\": \"2019-05-27T19:01:30.852Z\", \"last_published_at\": \"2019-05-28T12:48:21.791Z\", \"latest_revision_created_at\": \"2019-05-28T12:48:21.542Z\", \"live_revision\": 13, \"content\": \"[{\\\"type\\\": \\\"page\\\", \\\"value\\\": {\\\"page\\\": 10}, \\\"id\\\": \\\"a832fe57-7f1b-43b4-8fc0-2664f12dcfbf\\\"}, {\\\"type\\\": \\\"page\\\", \\\"value\\\": {\\\"page\\\": 11}, \\\"id\\\": \\\"abdf665d-631e-47d5-8dda-aa3f80a62404\\\"}]\"}", "approved_go_live_at": null}}, {"model": "wagtailcore.pagerevision", "pk": 36, "fields": {"page": 2, "submitted_for_moderation": false, "created_at": "2019-05-29T18:06:58.184Z", "user": 1, "content_json": "{\"pk\": 2, \"path\": \"00010001\", \"depth\": 2, \"numchild\": 6, \"title\": \"Inicio\", \"draft_title\": \"Inicio\", \"slug\": \"inicio\", \"content_type\": 5, \"live\": true, \"has_unpublished_changes\": false, \"url_path\": \"/inicio/\", \"owner\": null, \"seo_title\": \"\", \"show_in_menus\": false, \"search_description\": \"\", \"go_live_at\": null, \"expire_at\": null, \"expired\": false, \"locked\": false, \"first_published_at\": \"2019-05-27T19:01:30.852Z\", \"last_published_at\": \"2019-05-29T17:30:23.691Z\", \"latest_revision_created_at\": \"2019-05-29T17:30:23.410Z\", \"live_revision\": 35, \"content\": \"[{\\\"type\\\": \\\"page\\\", \\\"value\\\": {\\\"page\\\": 10}, \\\"id\\\": \\\"a832fe57-7f1b-43b4-8fc0-2664f12dcfbf\\\"}, {\\\"type\\\": \\\"three_pages\\\", \\\"value\\\": {\\\"title\\\": \\\"Publicaciones destacadas\\\", \\\"page1\\\": 14, \\\"page2\\\": 11, \\\"page3\\\": 10}, \\\"id\\\": \\\"e159c01b-f21b-430d-a72d-8bf7382c0ae8\\\"}, {\\\"type\\\": \\\"page\\\", \\\"value\\\": {\\\"page\\\": 11}, \\\"id\\\": \\\"abdf665d-631e-47d5-8dda-aa3f80a62404\\\"}]\"}", "approved_go_live_at": null}}, {"model": "wagtailcore.pagerevision", "pk": 37, "fields": {"page": 13, "submitted_for_moderation": false, "created_at": "2019-05-29T18:39:24.965Z", "user": 1, "content_json": "{\"pk\": 13, \"path\": \"0001000100050001\", \"depth\": 4, \"numchild\": 0, \"title\": \"Rocket League\", \"draft_title\": \"Rocket League\", \"slug\": \"rocket-league\", \"content_type\": 36, \"live\": true, \"has_unpublished_changes\": false, \"url_path\": \"/inicio/blog/rocket-league/\", \"owner\": 1, \"seo_title\": \"\", \"show_in_menus\": false, \"search_description\": \"\", \"go_live_at\": null, \"expire_at\": null, \"expired\": false, \"locked\": false, \"first_published_at\": \"2019-05-29T15:16:06.947Z\", \"last_published_at\": \"2019-05-29T15:16:06.947Z\", \"latest_revision_created_at\": \"2019-05-29T15:16:06.635Z\", \"live_revision\": 31, \"cover\": 138, \"is_use_case\": false, \"short_description\": \"\", \"likes\": 964, \"content\": \"[{\\\"type\\\": \\\"title\\\", \\\"value\\\": {\\\"title\\\": \\\"Rocket League\\\"}, \\\"id\\\": \\\"106edba6-fa9a-4041-8228-f840d592f114\\\"}, {\\\"type\\\": \\\"title_image\\\", \\\"value\\\": {\\\"image\\\": 138, \\\"caption\\\": \\\"Una imagen debajo del t\\\\u00edtulo\\\"}, \\\"id\\\": \\\"15be2770-4d06-407f-9b7a-242532c14395\\\"}, {\\\"type\\\": \\\"text\\\", \\\"value\\\": \\\"<p>Este juego tiene:</p><ul><li><a href=\\\\\\\"https://media.giphy.com/media/z5Kip8oECa8o0/giphy.gif\\\\\\\">diversion</a></li><li>buenos graficos</li><li>precio accesible</li></ul>\\\", \\\"id\\\": \\\"170c47b9-65e2-4e4a-a067-f62964112d12\\\"}, {\\\"type\\\": \\\"fw_image\\\", \\\"value\\\": {\\\"image\\\": 138, \\\"caption\\\": \\\"Esta imagen es full width\\\"}, \\\"id\\\": \\\"1f2f8d5c-67ba-46d5-b189-ed5dcc12080e\\\"}, {\\\"type\\\": \\\"subtitle\\\", \\\"value\\\": {\\\"subtitle\\\": \\\"El mejor e-sport de todos los tiempos?\\\"}, \\\"id\\\": \\\"8d9274f9-bae9-42bb-98fc-cffdb5c4dca8\\\"}, {\\\"type\\\": \\\"text\\\", \\\"value\\\": \\\"<p>Tal vez...</p>\\\", \\\"id\\\": \\\"6f8f05b9-3aad-4b54-8f4b-a1b42d311617\\\"}, {\\\"type\\\": \\\"video\\\", \\\"value\\\": {\\\"youtube_video_id\\\": \\\"KNG7r1n6Jk8\\\"}, \\\"id\\\": \\\"20fa3598-9737-47c3-963a-69a8fbf84c70\\\"}, {\\\"type\\\": \\\"quote\\\", \\\"value\\\": {\\\"text\\\": \\\"Justin! Justin! THIS IS ROCKET LEAGUE!\\\"}, \\\"id\\\": \\\"2be2a521-421e-4f30-a37c-27345ff1736f\\\"}, {\\\"type\\\": \\\"text_image\\\", \\\"value\\\": {\\\"image\\\": 138, \\\"caption\\\": \\\"Esta imagen esta adaptada a la caja\\\"}, \\\"id\\\": \\\"e190d023-b6b1-4ae3-a6a2-3a8162b7eacd\\\"}, {\\\"type\\\": \\\"project\\\", \\\"value\\\": {\\\"project\\\": 11}, \\\"id\\\": \\\"b5650c8c-494d-41e6-8c84-8be6514cc20a\\\"}]\", \"employees\": [1, 6]}", "approved_go_live_at": null}}, {"model": "wagtailcore.pagerevision", "pk": 38, "fields": {"page": 13, "submitted_for_moderation": false, "created_at": "2019-05-29T18:47:10.013Z", "user": 1, "content_json": "{\"pk\": 13, \"path\": \"0001000100050001\", \"depth\": 4, \"numchild\": 0, \"title\": \"Rocket League\", \"draft_title\": \"Rocket League\", \"slug\": \"rocket-league\", \"content_type\": 36, \"live\": true, \"has_unpublished_changes\": false, \"url_path\": \"/inicio/blog/rocket-league/\", \"owner\": 1, \"seo_title\": \"\", \"show_in_menus\": false, \"search_description\": \"\", \"go_live_at\": null, \"expire_at\": null, \"expired\": false, \"locked\": false, \"first_published_at\": \"2019-05-29T15:16:06.947Z\", \"last_published_at\": \"2019-05-29T18:39:25.061Z\", \"latest_revision_created_at\": \"2019-05-29T18:39:24.965Z\", \"live_revision\": 37, \"cover\": 138, \"is_use_case\": true, \"short_description\": \"\", \"likes\": 964, \"content\": \"[{\\\"type\\\": \\\"title\\\", \\\"value\\\": {\\\"title\\\": \\\"Rocket League\\\"}, \\\"id\\\": \\\"106edba6-fa9a-4041-8228-f840d592f114\\\"}, {\\\"type\\\": \\\"title_image\\\", \\\"value\\\": {\\\"image\\\": 138, \\\"caption\\\": \\\"Una imagen debajo del t\\\\u00edtulo\\\"}, \\\"id\\\": \\\"15be2770-4d06-407f-9b7a-242532c14395\\\"}, {\\\"type\\\": \\\"text\\\", \\\"value\\\": \\\"<p>Este juego tiene:</p><ul><li><a href=\\\\\\\"https://media.giphy.com/media/z5Kip8oECa8o0/giphy.gif\\\\\\\">diversion</a></li><li>buenos graficos</li><li>precio accesible</li></ul>\\\", \\\"id\\\": \\\"170c47b9-65e2-4e4a-a067-f62964112d12\\\"}, {\\\"type\\\": \\\"fw_image\\\", \\\"value\\\": {\\\"image\\\": 138, \\\"caption\\\": \\\"Esta imagen es full width\\\"}, \\\"id\\\": \\\"1f2f8d5c-67ba-46d5-b189-ed5dcc12080e\\\"}, {\\\"type\\\": \\\"subtitle\\\", \\\"value\\\": {\\\"subtitle\\\": \\\"El mejor e-sport de todos los tiempos?\\\"}, \\\"id\\\": \\\"8d9274f9-bae9-42bb-98fc-cffdb5c4dca8\\\"}, {\\\"type\\\": \\\"text\\\", \\\"value\\\": \\\"<p>Tal vez...</p>\\\", \\\"id\\\": \\\"6f8f05b9-3aad-4b54-8f4b-a1b42d311617\\\"}, {\\\"type\\\": \\\"video\\\", \\\"value\\\": {\\\"youtube_video_id\\\": \\\"KNG7r1n6Jk8\\\"}, \\\"id\\\": \\\"20fa3598-9737-47c3-963a-69a8fbf84c70\\\"}, {\\\"type\\\": \\\"quote\\\", \\\"value\\\": {\\\"text\\\": \\\"Justin! Justin! THIS IS ROCKET LEAGUE!\\\"}, \\\"id\\\": \\\"2be2a521-421e-4f30-a37c-27345ff1736f\\\"}, {\\\"type\\\": \\\"text_image\\\", \\\"value\\\": {\\\"image\\\": 138, \\\"caption\\\": \\\"Esta imagen esta adaptada a la caja\\\"}, \\\"id\\\": \\\"e190d023-b6b1-4ae3-a6a2-3a8162b7eacd\\\"}, {\\\"type\\\": \\\"project\\\", \\\"value\\\": {\\\"project\\\": 11}, \\\"id\\\": \\\"b5650c8c-494d-41e6-8c84-8be6514cc20a\\\"}]\", \"employees\": [1, 6]}", "approved_go_live_at": null}}, {"model": "wagtailcore.pagerevision", "pk": 39, "fields": {"page": 13, "submitted_for_moderation": false, "created_at": "2019-05-29T19:55:58.401Z", "user": 1, "content_json": "{\"pk\": 13, \"path\": \"0001000100050001\", \"depth\": 4, \"numchild\": 0, \"title\": \"Rocket League\", \"draft_title\": \"Rocket League\", \"slug\": \"rocket-league\", \"content_type\": 36, \"live\": true, \"has_unpublished_changes\": false, \"url_path\": \"/inicio/blog/rocket-league/\", \"owner\": 1, \"seo_title\": \"\", \"show_in_menus\": false, \"search_description\": \"\", \"go_live_at\": null, \"expire_at\": null, \"expired\": false, \"locked\": false, \"first_published_at\": \"2019-05-29T15:16:06.947Z\", \"last_published_at\": \"2019-05-29T18:47:10.092Z\", \"latest_revision_created_at\": \"2019-05-29T18:47:10.013Z\", \"live_revision\": 38, \"cover\": 138, \"is_use_case\": true, \"short_description\": \"\", \"likes\": 964, \"content\": \"[{\\\"type\\\": \\\"title\\\", \\\"value\\\": {\\\"title\\\": \\\"Rocket League\\\"}, \\\"id\\\": \\\"106edba6-fa9a-4041-8228-f840d592f114\\\"}, {\\\"type\\\": \\\"title_image\\\", \\\"value\\\": {\\\"image\\\": 138, \\\"caption\\\": \\\"Una imagen debajo del t\\\\u00edtulo\\\"}, \\\"id\\\": \\\"15be2770-4d06-407f-9b7a-242532c14395\\\"}, {\\\"type\\\": \\\"text\\\", \\\"value\\\": \\\"<p>Este juego tiene:</p><ul><li><a href=\\\\\\\"https://media.giphy.com/media/z5Kip8oECa8o0/giphy.gif\\\\\\\">diversion</a></li><li>buenos graficos</li><li>precio accesible</li></ul>\\\", \\\"id\\\": \\\"170c47b9-65e2-4e4a-a067-f62964112d12\\\"}, {\\\"type\\\": \\\"fw_image\\\", \\\"value\\\": {\\\"image\\\": 138, \\\"caption\\\": \\\"Esta imagen es full width\\\"}, \\\"id\\\": \\\"1f2f8d5c-67ba-46d5-b189-ed5dcc12080e\\\"}, {\\\"type\\\": \\\"subtitle\\\", \\\"value\\\": {\\\"subtitle\\\": \\\"El mejor e-sport de todos los tiempos?\\\"}, \\\"id\\\": \\\"8d9274f9-bae9-42bb-98fc-cffdb5c4dca8\\\"}, {\\\"type\\\": \\\"text\\\", \\\"value\\\": \\\"<p>Tal vez...</p>\\\", \\\"id\\\": \\\"6f8f05b9-3aad-4b54-8f4b-a1b42d311617\\\"}, {\\\"type\\\": \\\"video\\\", \\\"value\\\": {\\\"youtube_video_id\\\": \\\"KNG7r1n6Jk8\\\"}, \\\"id\\\": \\\"20fa3598-9737-47c3-963a-69a8fbf84c70\\\"}, {\\\"type\\\": \\\"quote\\\", \\\"value\\\": {\\\"text\\\": \\\"Justin! Justin! THIS IS ROCKET LEAGUE!\\\"}, \\\"id\\\": \\\"2be2a521-421e-4f30-a37c-27345ff1736f\\\"}, {\\\"type\\\": \\\"text_image\\\", \\\"value\\\": {\\\"image\\\": 138, \\\"caption\\\": \\\"Esta imagen esta adaptada a la caja\\\"}, \\\"id\\\": \\\"e190d023-b6b1-4ae3-a6a2-3a8162b7eacd\\\"}, {\\\"type\\\": \\\"project\\\", \\\"value\\\": {\\\"project\\\": 11}, \\\"id\\\": \\\"b5650c8c-494d-41e6-8c84-8be6514cc20a\\\"}]\", \"links\": [{\"pk\": null, \"sort_order\": 0, \"page\": 13, \"url\": \"http://www.facebook.com\", \"title\": \"Facebook\", \"target\": \"_blank\"}, {\"pk\": null, \"sort_order\": 1, \"page\": 13, \"url\": \"https://www.instagram.com\", \"title\": \"Instagram\", \"target\": \"_self\"}], \"employees\": [1, 6]}", "approved_go_live_at": null}}, {"model": "wagtailcore.page", "pk": 1, "fields": {"path": "0001", "depth": 1, "numchild": 1, "title": "Root", "draft_title": "Root", "slug": "root", "content_type": 1, "live": true, "has_unpublished_changes": false, "url_path": "/", "owner": null, "seo_title": "", "show_in_menus": false, "search_description": "", "go_live_at": null, "expire_at": null, "expired": false, "locked": false, "first_published_at": null, "last_published_at": null, "latest_revision_created_at": null, "live_revision": null}}, {"model": "wagtailcore.page", "pk": 2, "fields": {"path": "00010001", "depth": 2, "numchild": 6, "title": "Inicio", "draft_title": "Inicio", "slug": "inicio", "content_type": 5, "live": true, "has_unpublished_changes": false, "url_path": "/inicio/", "owner": null, "seo_title": "", "show_in_menus": false, "search_description": "", "go_live_at": null, "expire_at": null, "expired": false, "locked": false, "first_published_at": "2019-05-27T19:01:30.852Z", "last_published_at": "2019-05-29T18:06:58.264Z", "latest_revision_created_at": "2019-05-29T18:06:58.184Z", "live_revision": 36}}, {"model": "wagtailcore.page", "pk": 3, "fields": {"path": "000100010004", "depth": 3, "numchild": 2, "title": "Proyectos", "draft_title": "Proyectos", "slug": "proyectos", "content_type": 7, "live": true, "has_unpublished_changes": false, "url_path": "/inicio/proyectos/", "owner": 1, "seo_title": "", "show_in_menus": false, "search_description": "", "go_live_at": null, "expire_at": null, "expired": false, "locked": false, "first_published_at": "2019-05-27T19:00:02.757Z", "last_published_at": "2019-05-27T19:00:02.757Z", "latest_revision_created_at": "2019-05-27T19:00:02.716Z", "live_revision": 1}}, {"model": "wagtailcore.page", "pk": 4, "fields": {"path": "0001000100040002", "depth": 4, "numchild": 0, "title": "Ilustraciones para Santander Rio", "draft_title": "Ilustraciones para Santander Rio", "slug": "ilustraciones-para-santander-rio", "content_type": 10, "live": true, "has_unpublished_changes": false, "url_path": "/inicio/proyectos/ilustraciones-para-santander-rio/", "owner": 1, "seo_title": "", "show_in_menus": false, "search_description": "", "go_live_at": null, "expire_at": null, "expired": false, "locked": false, "first_published_at": "2019-05-27T19:01:04.073Z", "last_published_at": "2019-05-28T14:42:24.682Z", "latest_revision_created_at": "2019-05-28T14:42:24.345Z", "live_revision": 17}}, {"model": "wagtailcore.page", "pk": 5, "fields": {"path": "000100010001", "depth": 3, "numchild": 0, "title": "Servicios", "draft_title": "Servicios", "slug": "servicios", "content_type": 42, "live": true, "has_unpublished_changes": false, "url_path": "/inicio/servicios/", "owner": 1, "seo_title": "", "show_in_menus": false, "search_description": "", "go_live_at": null, "expire_at": null, "expired": false, "locked": false, "first_published_at": "2019-05-27T20:15:16.350Z", "last_published_at": "2019-05-27T20:15:16.350Z", "latest_revision_created_at": "2019-05-27T20:15:16.299Z", "live_revision": 4}}, {"model": "wagtailcore.page", "pk": 6, "fields": {"path": "000100010003", "depth": 3, "numchild": 0, "title": "Agencia", "draft_title": "Agencia", "slug": "agencia", "content_type": 43, "live": true, "has_unpublished_changes": false, "url_path": "/inicio/agencia/", "owner": 1, "seo_title": "", "show_in_menus": false, "search_description": "", "go_live_at": null, "expire_at": null, "expired": false, "locked": false, "first_published_at": "2019-05-27T20:15:30.595Z", "last_published_at": "2019-05-27T20:15:30.595Z", "latest_revision_created_at": "2019-05-27T20:15:30.539Z", "live_revision": 5}}, {"model": "wagtailcore.page", "pk": 7, "fields": {"path": "000100010005", "depth": 3, "numchild": 3, "title": "Blog", "draft_title": "Blog", "slug": "blog", "content_type": 35, "live": true, "has_unpublished_changes": false, "url_path": "/inicio/blog/", "owner": 1, "seo_title": "", "show_in_menus": false, "search_description": "", "go_live_at": null, "expire_at": null, "expired": false, "locked": false, "first_published_at": "2019-05-27T20:16:20.679Z", "last_published_at": "2019-05-27T20:16:20.679Z", "latest_revision_created_at": "2019-05-27T20:16:20.612Z", "live_revision": 6}}, {"model": "wagtailcore.page", "pk": 8, "fields": {"path": "000100010006", "depth": 3, "numchild": 1, "title": "Postulate", "draft_title": "Postulate", "slug": "postulate", "content_type": 37, "live": true, "has_unpublished_changes": false, "url_path": "/inicio/postulate/", "owner": 1, "seo_title": "", "show_in_menus": false, "search_description": "", "go_live_at": null, "expire_at": null, "expired": false, "locked": false, "first_published_at": "2019-05-27T20:16:30.822Z", "last_published_at": "2019-05-27T20:16:30.822Z", "latest_revision_created_at": "2019-05-27T20:16:30.726Z", "live_revision": 7}}, {"model": "wagtailcore.page", "pk": 9, "fields": {"path": "000100010002", "depth": 3, "numchild": 0, "title": "Project Discovery\u00ae", "draft_title": "Project Discovery\u00ae", "slug": "project-discovery", "content_type": 41, "live": true, "has_unpublished_changes": false, "url_path": "/inicio/project-discovery/", "owner": 1, "seo_title": "", "show_in_menus": false, "search_description": "", "go_live_at": null, "expire_at": null, "expired": false, "locked": false, "first_published_at": "2019-05-27T20:59:19.559Z", "last_published_at": "2019-05-27T20:59:19.559Z", "latest_revision_created_at": "2019-05-27T20:59:19.499Z", "live_revision": 9}}, {"model": "wagtailcore.page", "pk": 10, "fields": {"path": "0001000100050002", "depth": 4, "numchild": 0, "title": "Un post sobre Santander Rio", "draft_title": "Un post sobre Santander Rio", "slug": "un-post-sobre-santander-rio", "content_type": 36, "live": true, "has_unpublished_changes": false, "url_path": "/inicio/blog/un-post-sobre-santander-rio/", "owner": 1, "seo_title": "", "show_in_menus": false, "search_description": "", "go_live_at": null, "expire_at": null, "expired": false, "locked": false, "first_published_at": "2019-05-28T13:18:05.948Z", "last_published_at": "2019-05-28T20:21:15.108Z", "latest_revision_created_at": "2019-05-28T20:21:14.841Z", "live_revision": 23}}, {"model": "wagtailcore.page", "pk": 11, "fields": {"path": "0001000100040001", "depth": 4, "numchild": 0, "title": "Creamos la marca y sistema visual para S4.", "draft_title": "Creamos la marca y sistema visual para S4.", "slug": "creamos-la-marca-y-sistema-visual-para-s4", "content_type": 10, "live": true, "has_unpublished_changes": false, "url_path": "/inicio/proyectos/creamos-la-marca-y-sistema-visual-para-s4/", "owner": 1, "seo_title": "", "show_in_menus": false, "search_description": "", "go_live_at": null, "expire_at": null, "expired": false, "locked": false, "first_published_at": "2019-05-28T19:10:23.512Z", "last_published_at": "2019-05-28T19:10:23.512Z", "latest_revision_created_at": "2019-05-28T19:10:23.233Z", "live_revision": 19}}, {"model": "wagtailcore.page", "pk": 12, "fields": {"path": "0001000100050003", "depth": 4, "numchild": 0, "title": "Un post para probar", "draft_title": "Un post para probar", "slug": "un-post-para-probar", "content_type": 36, "live": true, "has_unpublished_changes": false, "url_path": "/inicio/blog/un-post-para-probar/", "owner": 1, "seo_title": "", "show_in_menus": false, "search_description": "", "go_live_at": null, "expire_at": null, "expired": false, "locked": false, "first_published_at": "2019-05-28T19:40:22.130Z", "last_published_at": "2019-05-28T19:40:22.130Z", "latest_revision_created_at": "2019-05-28T19:40:21.898Z", "live_revision": 21}}, {"model": "wagtailcore.page", "pk": 13, "fields": {"path": "0001000100050001", "depth": 4, "numchild": 0, "title": "Rocket League", "draft_title": "Rocket League", "slug": "rocket-league", "content_type": 36, "live": true, "has_unpublished_changes": false, "url_path": "/inicio/blog/rocket-league/", "owner": 1, "seo_title": "", "show_in_menus": false, "search_description": "", "go_live_at": null, "expire_at": null, "expired": false, "locked": false, "first_published_at": "2019-05-29T15:16:06.947Z", "last_published_at": "2019-05-29T19:55:58.490Z", "latest_revision_created_at": "2019-05-29T19:55:58.401Z", "live_revision": 39}}, {"model": "wagtailcore.page", "pk": 14, "fields": {"path": "0001000100060001", "depth": 4, "numchild": 0, "title": "Full-stack Developer Semi Senior", "draft_title": "Full-stack Developer Semi Senior", "slug": "full-stack-developer-semi-senior", "content_type": 38, "live": true, "has_unpublished_changes": false, "url_path": "/inicio/postulate/full-stack-developer-semi-senior/", "owner": 1, "seo_title": "", "show_in_menus": false, "search_description": "", "go_live_at": null, "expire_at": null, "expired": false, "locked": false, "first_published_at": "2019-05-29T15:30:40.854Z", "last_published_at": "2019-05-29T15:39:49.953Z", "latest_revision_created_at": "2019-05-29T15:39:49.709Z", "live_revision": 34}}, {"model": "wagtailimages.image", "pk": 1, "fields": {"collection": 2, "title": "24ea6a77894999.Y3JvcCw3NTQsNTkwLDM3LDE5Mg.png", "file": "original_images/24ea6a77894999.Y3JvcCw3NTQsNTkwLDM3LDE5Mg.png", "width": 1400, "height": 915, "created_at": "2019-05-27T18:55:26.640Z", "uploaded_by_user": null, "focal_point_x": null, "focal_point_y": null, "focal_point_width": null, "focal_point_height": null, "file_size": null, "file_hash": ""}}, {"model": "wagtailimages.image", "pk": 2, "fields": {"collection": 2, "title": "5faabd77894999.5c9507d19f13a.png", "file": "original_images/5faabd77894999.5c9507d19f13a.png", "width": 1920, "height": 1150, "created_at": "2019-05-27T18:55:28.137Z", "uploaded_by_user": null, "focal_point_x": null, "focal_point_y": null, "focal_point_width": null, "focal_point_height": null, "file_size": null, "file_hash": ""}}, {"model": "wagtailimages.image", "pk": 3, "fields": {"collection": 2, "title": "5fd1e577894999.5c9507d19fcfc.png", "file": "original_images/5fd1e577894999.5c9507d19fcfc.png", "width": 1920, "height": 1255, "created_at": "2019-05-27T18:55:29.220Z", "uploaded_by_user": null, "focal_point_x": null, "focal_point_y": null, "focal_point_width": null, "focal_point_height": null, "file_size": null, "file_hash": ""}}, {"model": "wagtailimages.image", "pk": 4, "fields": {"collection": 2, "title": "dd0c0977894999.5c9507d1a03f2.png", "file": "original_images/dd0c0977894999.5c9507d1a03f2.png", "width": 1920, "height": 2970, "created_at": "2019-05-27T18:55:30.350Z", "uploaded_by_user": null, "focal_point_x": null, "focal_point_y": null, "focal_point_width": null, "focal_point_height": null, "file_size": null, "file_hash": ""}}, {"model": "wagtailimages.image", "pk": 5, "fields": {"collection": 2, "title": "b5ce2977894999.5c9507d19f9e0.png", "file": "original_images/b5ce2977894999.5c9507d19f9e0.png", "width": 1920, "height": 3500, "created_at": "2019-05-27T18:55:31.584Z", "uploaded_by_user": null, "focal_point_x": null, "focal_point_y": null, "focal_point_width": null, "focal_point_height": null, "file_size": null, "file_hash": ""}}, {"model": "wagtailimages.image", "pk": 6, "fields": {"collection": 2, "title": "c762f777894999.5c9507d19f5df.png", "file": "original_images/c762f777894999.5c9507d19f5df.png", "width": 1920, "height": 4045, "created_at": "2019-05-27T18:55:32.094Z", "uploaded_by_user": null, "focal_point_x": null, "focal_point_y": null, "focal_point_width": null, "focal_point_height": null, "file_size": null, "file_hash": ""}}, {"model": "wagtailimages.image", "pk": 7, "fields": {"collection": 2, "title": "8d294277894999.5c9507d1a0000.png", "file": "original_images/8d294277894999.5c9507d1a0000.png", "width": 1920, "height": 2022, "created_at": "2019-05-27T18:55:32.787Z", "uploaded_by_user": null, "focal_point_x": null, "focal_point_y": null, "focal_point_width": null, "focal_point_height": null, "file_size": null, "file_hash": ""}}, {"model": "wagtailimages.image", "pk": 8, "fields": {"collection": 2, "title": "5b2a8277221571.Y3JvcCwxMjAwLDkzOCwwLDA.png", "file": "original_images/5b2a8277221571.Y3JvcCwxMjAwLDkzOCwwLDA.png", "width": 1200, "height": 939, "created_at": "2019-05-27T18:55:33.319Z", "uploaded_by_user": null, "focal_point_x": null, "focal_point_y": null, "focal_point_width": null, "focal_point_height": null, "file_size": null, "file_hash": ""}}, {"model": "wagtailimages.image", "pk": 9, "fields": {"collection": 2, "title": "aed1be77221571.5c81285ae3642.png", "file": "original_images/aed1be77221571.5c81285ae3642.png", "width": 1920, "height": 2565, "created_at": "2019-05-27T18:55:34.268Z", "uploaded_by_user": null, "focal_point_x": null, "focal_point_y": null, "focal_point_width": null, "focal_point_height": null, "file_size": null, "file_hash": ""}}, {"model": "wagtailimages.image", "pk": 10, "fields": {"collection": 2, "title": "92c38d77221571.5c81285ae3873.png", "file": "original_images/92c38d77221571.5c81285ae3873.png", "width": 1920, "height": 4088, "created_at": "2019-05-27T18:55:34.913Z", "uploaded_by_user": null, "focal_point_x": null, "focal_point_y": null, "focal_point_width": null, "focal_point_height": null, "file_size": null, "file_hash": ""}}, {"model": "wagtailimages.image", "pk": 11, "fields": {"collection": 2, "title": "01ff0177221571.5c81285ae3aba.png", "file": "original_images/01ff0177221571.5c81285ae3aba.png", "width": 1725, "height": 8191, "created_at": "2019-05-27T18:55:35.769Z", "uploaded_by_user": null, "focal_point_x": null, "focal_point_y": null, "focal_point_width": null, "focal_point_height": null, "file_size": null, "file_hash": ""}}, {"model": "wagtailimages.image", "pk": 12, "fields": {"collection": 2, "title": "f6e61b77221571.5c81285ae4086.png", "file": "original_images/f6e61b77221571.5c81285ae4086.png", "width": 1920, "height": 4307, "created_at": "2019-05-27T18:55:36.492Z", "uploaded_by_user": null, "focal_point_x": null, "focal_point_y": null, "focal_point_width": null, "focal_point_height": null, "file_size": null, "file_hash": ""}}, {"model": "wagtailimages.image", "pk": 13, "fields": {"collection": 2, "title": "4409e577221571.5c81285ae32ae.png", "file": "original_images/4409e577221571.5c81285ae32ae.png", "width": 1920, "height": 1400, "created_at": "2019-05-27T18:55:36.904Z", "uploaded_by_user": null, "focal_point_x": null, "focal_point_y": null, "focal_point_width": null, "focal_point_height": null, "file_size": null, "file_hash": ""}}, {"model": "wagtailimages.image", "pk": 14, "fields": {"collection": 2, "title": "f5486276191161.Y3JvcCwxMzg4LDEwODYsMjY0LDA.png", "file": "original_images/f5486276191161.Y3JvcCwxMzg4LDEwODYsMjY0LDA.png", "width": 1920, "height": 1086, "created_at": "2019-05-27T18:55:37.536Z", "uploaded_by_user": null, "focal_point_x": null, "focal_point_y": null, "focal_point_width": null, "focal_point_height": null, "file_size": null, "file_hash": ""}}, {"model": "wagtailimages.image", "pk": 15, "fields": {"collection": 2, "title": "f66add76191161.5c629cd81c27c.png", "file": "original_images/f66add76191161.5c629cd81c27c.png", "width": 1920, "height": 1080, "created_at": "2019-05-27T18:55:38.189Z", "uploaded_by_user": null, "focal_point_x": null, "focal_point_y": null, "focal_point_width": null, "focal_point_height": null, "file_size": null, "file_hash": ""}}, {"model": "wagtailimages.image", "pk": 16, "fields": {"collection": 2, "title": "b14ec276191161.5c62a51e297fe.png", "file": "original_images/b14ec276191161.5c62a51e297fe.png", "width": 1920, "height": 2510, "created_at": "2019-05-27T18:55:38.898Z", "uploaded_by_user": null, "focal_point_x": null, "focal_point_y": null, "focal_point_width": null, "focal_point_height": null, "file_size": null, "file_hash": ""}}, {"model": "wagtailimages.image", "pk": 17, "fields": {"collection": 2, "title": "c5e19576191161.5c629cd81be92.png", "file": "original_images/c5e19576191161.5c629cd81be92.png", "width": 1920, "height": 2999, "created_at": "2019-05-27T18:55:39.488Z", "uploaded_by_user": null, "focal_point_x": null, "focal_point_y": null, "focal_point_width": null, "focal_point_height": null, "file_size": null, "file_hash": ""}}, {"model": "wagtailimages.image", "pk": 18, "fields": {"collection": 2, "title": "e1a58176191161.5c629cd81b4aa.png", "file": "original_images/e1a58176191161.5c629cd81b4aa.png", "width": 1920, "height": 712, "created_at": "2019-05-27T18:55:39.801Z", "uploaded_by_user": null, "focal_point_x": null, "focal_point_y": null, "focal_point_width": null, "focal_point_height": null, "file_size": null, "file_hash": ""}}, {"model": "wagtailimages.image", "pk": 19, "fields": {"collection": 2, "title": "e7768876191161.5c629cd81c6df.png", "file": "original_images/e7768876191161.5c629cd81c6df.png", "width": 1920, "height": 1249, "created_at": "2019-05-27T18:55:40.468Z", "uploaded_by_user": null, "focal_point_x": null, "focal_point_y": null, "focal_point_width": null, "focal_point_height": null, "file_size": null, "file_hash": ""}}, {"model": "wagtailimages.image", "pk": 20, "fields": {"collection": 2, "title": "c6cf4376191161.5c62a9f0399e1.gif", "file": "original_images/c6cf4376191161.5c62a9f0399e1.gif", "width": 1920, "height": 1330, "created_at": "2019-05-27T18:55:41.856Z", "uploaded_by_user": null, "focal_point_x": null, "focal_point_y": null, "focal_point_width": null, "focal_point_height": null, "file_size": null, "file_hash": ""}}, {"model": "wagtailimages.image", "pk": 21, "fields": {"collection": 2, "title": "4933b576191161.5c629cd81cac0.png", "file": "original_images/4933b576191161.5c629cd81cac0.png", "width": 1920, "height": 1304, "created_at": "2019-05-27T18:55:42.498Z", "uploaded_by_user": null, "focal_point_x": null, "focal_point_y": null, "focal_point_width": null, "focal_point_height": null, "file_size": null, "file_hash": ""}}, {"model": "wagtailimages.image", "pk": 22, "fields": {"collection": 2, "title": "4cdc9976191161.5c629cd81d0f7.png", "file": "original_images/4cdc9976191161.5c629cd81d0f7.png", "width": 1920, "height": 5186, "created_at": "2019-05-27T18:55:43.253Z", "uploaded_by_user": null, "focal_point_x": null, "focal_point_y": null, "focal_point_width": null, "focal_point_height": null, "file_size": null, "file_hash": ""}}, {"model": "wagtailimages.image", "pk": 23, "fields": {"collection": 2, "title": "df631076191161.5c629cd81ba3d.png", "file": "original_images/df631076191161.5c629cd81ba3d.png", "width": 1920, "height": 1947, "created_at": "2019-05-27T18:55:43.873Z", "uploaded_by_user": null, "focal_point_x": null, "focal_point_y": null, "focal_point_width": null, "focal_point_height": null, "file_size": null, "file_hash": ""}}, {"model": "wagtailimages.image", "pk": 24, "fields": {"collection": 2, "title": "80b07376191161.5c6a85053c6b7.png", "file": "original_images/80b07376191161.5c6a85053c6b7.png", "width": 1920, "height": 1086, "created_at": "2019-05-27T18:55:44.979Z", "uploaded_by_user": null, "focal_point_x": null, "focal_point_y": null, "focal_point_width": null, "focal_point_height": null, "file_size": null, "file_hash": ""}}, {"model": "wagtailimages.image", "pk": 25, "fields": {"collection": 2, "title": "b2760776191161.5c6537c90fa41.png", "file": "original_images/b2760776191161.5c6537c90fa41.png", "width": 1920, "height": 100, "created_at": "2019-05-27T18:55:45.239Z", "uploaded_by_user": null, "focal_point_x": null, "focal_point_y": null, "focal_point_width": null, "focal_point_height": null, "file_size": null, "file_hash": ""}}, {"model": "wagtailimages.image", "pk": 26, "fields": {"collection": 2, "title": "a1128776191161.5c65378bf0e22.png", "file": "original_images/a1128776191161.5c65378bf0e22.png", "width": 1920, "height": 100, "created_at": "2019-05-27T18:55:45.511Z", "uploaded_by_user": null, "focal_point_x": null, "focal_point_y": null, "focal_point_width": null, "focal_point_height": null, "file_size": null, "file_hash": ""}}, {"model": "wagtailimages.image", "pk": 27, "fields": {"collection": 2, "title": "df33fc76191161.5c65378bf1207.gif", "file": "original_images/df33fc76191161.5c65378bf1207.gif", "width": 1366, "height": 739, "created_at": "2019-05-27T18:55:48.158Z", "uploaded_by_user": null, "focal_point_x": null, "focal_point_y": null, "focal_point_width": null, "focal_point_height": null, "file_size": null, "file_hash": ""}}, {"model": "wagtailimages.image", "pk": 28, "fields": {"collection": 2, "title": "257cf976191161.5c629cd81aeed.png", "file": "original_images/257cf976191161.5c629cd81aeed.png", "width": 1923, "height": 1152, "created_at": "2019-05-27T18:55:48.818Z", "uploaded_by_user": null, "focal_point_x": null, "focal_point_y": null, "focal_point_width": null, "focal_point_height": null, "file_size": null, "file_hash": ""}}, {"model": "wagtailimages.image", "pk": 29, "fields": {"collection": 2, "title": "91177876138655.Y3JvcCwxMTY5LDkxNCwxMTgsNDg5.png", "file": "original_images/91177876138655.Y3JvcCwxMTY5LDkxNCwxMTgsNDg5.png", "width": 1400, "height": 2311, "created_at": "2019-05-27T18:55:49.347Z", "uploaded_by_user": null, "focal_point_x": 698, "focal_point_y": 934, "focal_point_width": 1064, "focal_point_height": 674, "file_size": 727964, "file_hash": ""}}, {"model": "wagtailimages.image", "pk": 30, "fields": {"collection": 2, "title": "f1d08d76138655.5c6149d2c5c14.png", "file": "original_images/f1d08d76138655.5c6149d2c5c14.png", "width": 1919, "height": 1268, "created_at": "2019-05-27T18:55:50.132Z", "uploaded_by_user": null, "focal_point_x": null, "focal_point_y": null, "focal_point_width": null, "focal_point_height": null, "file_size": null, "file_hash": ""}}, {"model": "wagtailimages.image", "pk": 31, "fields": {"collection": 2, "title": "4d2f7076138655.5c6149d2c526a.png", "file": "original_images/4d2f7076138655.5c6149d2c526a.png", "width": 1920, "height": 2270, "created_at": "2019-05-27T18:55:50.926Z", "uploaded_by_user": null, "focal_point_x": null, "focal_point_y": null, "focal_point_width": null, "focal_point_height": null, "file_size": null, "file_hash": ""}}, {"model": "wagtailimages.image", "pk": 32, "fields": {"collection": 2, "title": "d59f7276138655.5c6149d2c59c7.png", "file": "original_images/d59f7276138655.5c6149d2c59c7.png", "width": 1919, "height": 2692, "created_at": "2019-05-27T18:55:51.915Z", "uploaded_by_user": null, "focal_point_x": null, "focal_point_y": null, "focal_point_width": null, "focal_point_height": null, "file_size": null, "file_hash": ""}}, {"model": "wagtailimages.image", "pk": 33, "fields": {"collection": 2, "title": "e78f0076138655.5c6149d2c3e57.png", "file": "original_images/e78f0076138655.5c6149d2c3e57.png", "width": 1920, "height": 3169, "created_at": "2019-05-27T18:55:52.442Z", "uploaded_by_user": null, "focal_point_x": null, "focal_point_y": null, "focal_point_width": null, "focal_point_height": null, "file_size": null, "file_hash": ""}}, {"model": "wagtailimages.image", "pk": 34, "fields": {"collection": 2, "title": "3772b576138655.5c6149d2c556b.png", "file": "original_images/3772b576138655.5c6149d2c556b.png", "width": 1920, "height": 1781, "created_at": "2019-05-27T18:55:53.579Z", "uploaded_by_user": null, "focal_point_x": null, "focal_point_y": null, "focal_point_width": null, "focal_point_height": null, "file_size": null, "file_hash": ""}}, {"model": "wagtailimages.image", "pk": 35, "fields": {"collection": 2, "title": "7116a276138655.5c6149d2c4aab.png", "file": "original_images/7116a276138655.5c6149d2c4aab.png", "width": 1920, "height": 918, "created_at": "2019-05-27T18:55:53.972Z", "uploaded_by_user": null, "focal_point_x": null, "focal_point_y": null, "focal_point_width": null, "focal_point_height": null, "file_size": null, "file_hash": ""}}, {"model": "wagtailimages.image", "pk": 36, "fields": {"collection": 2, "title": "1c1f8476138655.5c614a4910e58.png", "file": "original_images/1c1f8476138655.5c614a4910e58.png", "width": 1920, "height": 4565, "created_at": "2019-05-27T18:55:54.637Z", "uploaded_by_user": null, "focal_point_x": null, "focal_point_y": null, "focal_point_width": null, "focal_point_height": null, "file_size": null, "file_hash": ""}}, {"model": "wagtailimages.image", "pk": 37, "fields": {"collection": 2, "title": "564ab476138655.5c6149d2c4611.png", "file": "original_images/564ab476138655.5c6149d2c4611.png", "width": 1920, "height": 4573, "created_at": "2019-05-27T18:55:56.044Z", "uploaded_by_user": null, "focal_point_x": null, "focal_point_y": null, "focal_point_width": null, "focal_point_height": null, "file_size": null, "file_hash": ""}}, {"model": "wagtailimages.image", "pk": 38, "fields": {"collection": 2, "title": "f8053e76138655.5c6149d2c4156.png", "file": "original_images/f8053e76138655.5c6149d2c4156.png", "width": 1920, "height": 2617, "created_at": "2019-05-27T18:55:56.862Z", "uploaded_by_user": null, "focal_point_x": null, "focal_point_y": null, "focal_point_width": null, "focal_point_height": null, "file_size": null, "file_hash": ""}}, {"model": "wagtailimages.image", "pk": 39, "fields": {"collection": 2, "title": "1e07ba76138655.5c6149d2c4f7e.png", "file": "original_images/1e07ba76138655.5c6149d2c4f7e.png", "width": 1920, "height": 1549, "created_at": "2019-05-27T18:55:57.442Z", "uploaded_by_user": null, "focal_point_x": null, "focal_point_y": null, "focal_point_width": null, "focal_point_height": null, "file_size": null, "file_hash": ""}}, {"model": "wagtailimages.image", "pk": 40, "fields": {"collection": 2, "title": "8f1f7477112945.Y3JvcCwxMjAwLDkzOCwwLDA.png", "file": "original_images/8f1f7477112945.Y3JvcCwxMjAwLDkzOCwwLDA.png", "width": 1200, "height": 939, "created_at": "2019-05-27T18:55:58.018Z", "uploaded_by_user": null, "focal_point_x": null, "focal_point_y": null, "focal_point_width": null, "focal_point_height": null, "file_size": null, "file_hash": ""}}, {"model": "wagtailimages.image", "pk": 41, "fields": {"collection": 2, "title": "25123477112945.5c7e47b8d533d.png", "file": "original_images/25123477112945.5c7e47b8d533d.png", "width": 1920, "height": 1318, "created_at": "2019-05-27T18:55:59.129Z", "uploaded_by_user": null, "focal_point_x": null, "focal_point_y": null, "focal_point_width": null, "focal_point_height": null, "file_size": null, "file_hash": ""}}, {"model": "wagtailimages.image", "pk": 42, "fields": {"collection": 2, "title": "5ba98c77112945.5c7e47b8d4fff.png", "file": "original_images/5ba98c77112945.5c7e47b8d4fff.png", "width": 1920, "height": 2063, "created_at": "2019-05-27T18:55:59.870Z", "uploaded_by_user": null, "focal_point_x": null, "focal_point_y": null, "focal_point_width": null, "focal_point_height": null, "file_size": null, "file_hash": ""}}, {"model": "wagtailimages.image", "pk": 43, "fields": {"collection": 2, "title": "1ea2d377112945.5c7e47b8d56f6.png", "file": "original_images/1ea2d377112945.5c7e47b8d56f6.png", "width": 1920, "height": 4593, "created_at": "2019-05-27T18:56:06.153Z", "uploaded_by_user": null, "focal_point_x": null, "focal_point_y": null, "focal_point_width": null, "focal_point_height": null, "file_size": null, "file_hash": ""}}, {"model": "wagtailimages.image", "pk": 44, "fields": {"collection": 2, "title": "b0dbe277112945.5c7e47b8d4948.png", "file": "original_images/b0dbe277112945.5c7e47b8d4948.png", "width": 1920, "height": 5890, "created_at": "2019-05-27T18:56:08.085Z", "uploaded_by_user": null, "focal_point_x": null, "focal_point_y": null, "focal_point_width": null, "focal_point_height": null, "file_size": null, "file_hash": ""}}, {"model": "wagtailimages.image", "pk": 45, "fields": {"collection": 2, "title": "061cb177112945.5c7e47b8d4cda.png", "file": "original_images/061cb177112945.5c7e47b8d4cda.png", "width": 1920, "height": 2914, "created_at": "2019-05-27T18:56:08.922Z", "uploaded_by_user": null, "focal_point_x": null, "focal_point_y": null, "focal_point_width": null, "focal_point_height": null, "file_size": null, "file_hash": ""}}, {"model": "wagtailimages.image", "pk": 46, "fields": {"collection": 2, "title": "d9d15e76195581.Y3JvcCwxMTIzLDg3OCwxMzgsMjQx.png", "file": "original_images/d9d15e76195581.Y3JvcCwxMTIzLDg3OCwxMzgsMjQx.png", "width": 1400, "height": 1244, "created_at": "2019-05-27T18:56:09.483Z", "uploaded_by_user": null, "focal_point_x": null, "focal_point_y": null, "focal_point_width": null, "focal_point_height": null, "file_size": null, "file_hash": ""}}, {"model": "wagtailimages.image", "pk": 47, "fields": {"collection": 2, "title": "e1e92776195581.5c62b7404b3dc.png", "file": "original_images/e1e92776195581.5c62b7404b3dc.png", "width": 1920, "height": 1200, "created_at": "2019-05-27T18:56:10.190Z", "uploaded_by_user": null, "focal_point_x": null, "focal_point_y": null, "focal_point_width": null, "focal_point_height": null, "file_size": null, "file_hash": ""}}, {"model": "wagtailimages.image", "pk": 48, "fields": {"collection": 2, "title": "220fa276195581.5c63f7fd27943.png", "file": "original_images/220fa276195581.5c63f7fd27943.png", "width": 1920, "height": 2192, "created_at": "2019-05-27T18:56:11.716Z", "uploaded_by_user": null, "focal_point_x": null, "focal_point_y": null, "focal_point_width": null, "focal_point_height": null, "file_size": null, "file_hash": ""}}, {"model": "wagtailimages.image", "pk": 49, "fields": {"collection": 2, "title": "2486bc76195581.5c63f7fd27cc9.png", "file": "original_images/2486bc76195581.5c63f7fd27cc9.png", "width": 1920, "height": 1706, "created_at": "2019-05-27T18:56:12.920Z", "uploaded_by_user": null, "focal_point_x": null, "focal_point_y": null, "focal_point_width": null, "focal_point_height": null, "file_size": null, "file_hash": ""}}, {"model": "wagtailimages.image", "pk": 50, "fields": {"collection": 2, "title": "3a31a676195581.5c62b7404a449.png", "file": "original_images/3a31a676195581.5c62b7404a449.png", "width": 1920, "height": 5907, "created_at": "2019-05-27T18:56:13.914Z", "uploaded_by_user": null, "focal_point_x": null, "focal_point_y": null, "focal_point_width": null, "focal_point_height": null, "file_size": null, "file_hash": ""}}, {"model": "wagtailimages.image", "pk": 51, "fields": {"collection": 2, "title": "7d64f676195581.5c62b7404a73b.png", "file": "original_images/7d64f676195581.5c62b7404a73b.png", "width": 1920, "height": 655, "created_at": "2019-05-27T18:56:14.344Z", "uploaded_by_user": null, "focal_point_x": null, "focal_point_y": null, "focal_point_width": null, "focal_point_height": null, "file_size": null, "file_hash": ""}}, {"model": "wagtailimages.image", "pk": 52, "fields": {"collection": 2, "title": "554d7676195581.5c63f0bc2aa78.gif", "file": "original_images/554d7676195581.5c63f0bc2aa78.gif", "width": 1920, "height": 1411, "created_at": "2019-05-27T18:56:15.298Z", "uploaded_by_user": null, "focal_point_x": null, "focal_point_y": null, "focal_point_width": null, "focal_point_height": null, "file_size": null, "file_hash": ""}}, {"model": "wagtailimages.image", "pk": 53, "fields": {"collection": 2, "title": "91abfc76195581.5c62b7404b794.png", "file": "original_images/91abfc76195581.5c62b7404b794.png", "width": 1920, "height": 481, "created_at": "2019-05-27T18:56:16.397Z", "uploaded_by_user": null, "focal_point_x": null, "focal_point_y": null, "focal_point_width": null, "focal_point_height": null, "file_size": null, "file_hash": ""}}, {"model": "wagtailimages.image", "pk": 54, "fields": {"collection": 2, "title": "3b488676195581.5c63f49f4874e.gif", "file": "original_images/3b488676195581.5c63f49f4874e.gif", "width": 1920, "height": 761, "created_at": "2019-05-27T18:56:17.500Z", "uploaded_by_user": null, "focal_point_x": null, "focal_point_y": null, "focal_point_width": null, "focal_point_height": null, "file_size": null, "file_hash": ""}}, {"model": "wagtailimages.image", "pk": 55, "fields": {"collection": 2, "title": "a9922476195581.5c62b74049af7.png", "file": "original_images/a9922476195581.5c62b74049af7.png", "width": 1920, "height": 1089, "created_at": "2019-05-27T18:56:18.064Z", "uploaded_by_user": null, "focal_point_x": null, "focal_point_y": null, "focal_point_width": null, "focal_point_height": null, "file_size": null, "file_hash": ""}}, {"model": "wagtailimages.image", "pk": 56, "fields": {"collection": 2, "title": "66951976195581.5c62b7404a026.png", "file": "original_images/66951976195581.5c62b7404a026.png", "width": 1920, "height": 4849, "created_at": "2019-05-27T18:56:19.021Z", "uploaded_by_user": null, "focal_point_x": null, "focal_point_y": null, "focal_point_width": null, "focal_point_height": null, "file_size": null, "file_hash": ""}}, {"model": "wagtailimages.image", "pk": 57, "fields": {"collection": 2, "title": "d528c276195581.5c62b7404b01f.png", "file": "original_images/d528c276195581.5c62b7404b01f.png", "width": 1920, "height": 2512, "created_at": "2019-05-27T18:56:19.550Z", "uploaded_by_user": null, "focal_point_x": null, "focal_point_y": null, "focal_point_width": null, "focal_point_height": null, "file_size": null, "file_hash": ""}}, {"model": "wagtailimages.image", "pk": 58, "fields": {"collection": 2, "title": "8b6ae276195581.5c62b7404ad6c.png", "file": "original_images/8b6ae276195581.5c62b7404ad6c.png", "width": 1920, "height": 1847, "created_at": "2019-05-27T18:56:22.565Z", "uploaded_by_user": null, "focal_point_x": null, "focal_point_y": null, "focal_point_width": null, "focal_point_height": null, "file_size": null, "file_hash": ""}}, {"model": "wagtailimages.image", "pk": 59, "fields": {"collection": 2, "title": "5b977576195581.5c62b740494de.png", "file": "original_images/5b977576195581.5c62b740494de.png", "width": 1920, "height": 796, "created_at": "2019-05-27T18:56:23.445Z", "uploaded_by_user": null, "focal_point_x": null, "focal_point_y": null, "focal_point_width": null, "focal_point_height": null, "file_size": null, "file_hash": ""}}, {"model": "wagtailimages.image", "pk": 60, "fields": {"collection": 2, "title": "79d06c76652267.Y3JvcCwxMzk2LDEwOTIsMjY2LDE1Mg.png", "file": "original_images/79d06c76652267.Y3JvcCwxMzk2LDEwOTIsMjY2LDE1Mg.png", "width": 1920, "height": 5665, "created_at": "2019-05-27T18:56:24.728Z", "uploaded_by_user": null, "focal_point_x": null, "focal_point_y": null, "focal_point_width": null, "focal_point_height": null, "file_size": null, "file_hash": ""}}, {"model": "wagtailimages.image", "pk": 61, "fields": {"collection": 2, "title": "d02e8676652267.5c6fe1aa1c8b0.png", "file": "original_images/d02e8676652267.5c6fe1aa1c8b0.png", "width": 1920, "height": 1266, "created_at": "2019-05-27T18:56:25.855Z", "uploaded_by_user": null, "focal_point_x": null, "focal_point_y": null, "focal_point_width": null, "focal_point_height": null, "file_size": null, "file_hash": ""}}, {"model": "wagtailimages.image", "pk": 62, "fields": {"collection": 2, "title": "bf369c76652267.5c6fe1aa1c565.gif", "file": "original_images/bf369c76652267.5c6fe1aa1c565.gif", "width": 1920, "height": 1200, "created_at": "2019-05-27T18:56:28.753Z", "uploaded_by_user": null, "focal_point_x": null, "focal_point_y": null, "focal_point_width": null, "focal_point_height": null, "file_size": null, "file_hash": ""}}, {"model": "wagtailimages.image", "pk": 63, "fields": {"collection": 2, "title": "45b32a76652267.5c6fe1aa1ae1d.png", "file": "original_images/45b32a76652267.5c6fe1aa1ae1d.png", "width": 1920, "height": 979, "created_at": "2019-05-27T18:56:29.383Z", "uploaded_by_user": null, "focal_point_x": null, "focal_point_y": null, "focal_point_width": null, "focal_point_height": null, "file_size": null, "file_hash": ""}}, {"model": "wagtailimages.image", "pk": 64, "fields": {"collection": 2, "title": "fcf0cf76652267.5c6fe1aa1aae4.png", "file": "original_images/fcf0cf76652267.5c6fe1aa1aae4.png", "width": 1920, "height": 2022, "created_at": "2019-05-27T18:56:29.944Z", "uploaded_by_user": null, "focal_point_x": null, "focal_point_y": null, "focal_point_width": null, "focal_point_height": null, "file_size": null, "file_hash": ""}}, {"model": "wagtailimages.image", "pk": 65, "fields": {"collection": 2, "title": "ed51c476652267.5c6fe1aa1baf6.png", "file": "original_images/ed51c476652267.5c6fe1aa1baf6.png", "width": 1920, "height": 5665, "created_at": "2019-05-27T18:56:30.951Z", "uploaded_by_user": null, "focal_point_x": null, "focal_point_y": null, "focal_point_width": null, "focal_point_height": null, "file_size": null, "file_hash": ""}}, {"model": "wagtailimages.image", "pk": 66, "fields": {"collection": 2, "title": "3bcf4176652267.5c6fe1aa1c1df.png", "file": "original_images/3bcf4176652267.5c6fe1aa1c1df.png", "width": 1920, "height": 1844, "created_at": "2019-05-27T18:56:31.661Z", "uploaded_by_user": null, "focal_point_x": null, "focal_point_y": null, "focal_point_width": null, "focal_point_height": null, "file_size": null, "file_hash": ""}}, {"model": "wagtailimages.image", "pk": 67, "fields": {"collection": 2, "title": "779db376652267.5c6fe1aa1b174.png", "file": "original_images/779db376652267.5c6fe1aa1b174.png", "width": 1920, "height": 878, "created_at": "2019-05-27T18:56:32.415Z", "uploaded_by_user": null, "focal_point_x": null, "focal_point_y": null, "focal_point_width": null, "focal_point_height": null, "file_size": null, "file_hash": ""}}, {"model": "wagtailimages.image", "pk": 68, "fields": {"collection": 2, "title": "12ef0e76652267.5c6fe1aa1b4bf.png", "file": "original_images/12ef0e76652267.5c6fe1aa1b4bf.png", "width": 1920, "height": 1524, "created_at": "2019-05-27T18:56:33.637Z", "uploaded_by_user": null, "focal_point_x": null, "focal_point_y": null, "focal_point_width": null, "focal_point_height": null, "file_size": null, "file_hash": ""}}, {"model": "wagtailimages.image", "pk": 69, "fields": {"collection": 2, "title": "f37ef576652267.5c6fe1aa1be1e.png", "file": "original_images/f37ef576652267.5c6fe1aa1be1e.png", "width": 1920, "height": 4647, "created_at": "2019-05-27T18:56:35.159Z", "uploaded_by_user": null, "focal_point_x": null, "focal_point_y": null, "focal_point_width": null, "focal_point_height": null, "file_size": null, "file_hash": ""}}, {"model": "wagtailimages.image", "pk": 70, "fields": {"collection": 2, "title": "d65dc176652267.5c6fe1aa1b7af.png", "file": "original_images/d65dc176652267.5c6fe1aa1b7af.png", "width": 1920, "height": 1307, "created_at": "2019-05-27T18:56:35.473Z", "uploaded_by_user": null, "focal_point_x": null, "focal_point_y": null, "focal_point_width": null, "focal_point_height": null, "file_size": null, "file_hash": ""}}, {"model": "wagtailimages.image", "pk": 71, "fields": {"collection": 2, "title": "3d809b76189923.Y3JvcCwxMTU4LDkwNiw4LDA.png", "file": "original_images/3d809b76189923.Y3JvcCwxMTU4LDkwNiw4LDA.png", "width": 1174, "height": 906, "created_at": "2019-05-27T18:56:35.963Z", "uploaded_by_user": null, "focal_point_x": null, "focal_point_y": null, "focal_point_width": null, "focal_point_height": null, "file_size": null, "file_hash": ""}}, {"model": "wagtailimages.image", "pk": 72, "fields": {"collection": 2, "title": "c58d5476189923.5c765a74ebc1d.png", "file": "original_images/c58d5476189923.5c765a74ebc1d.png", "width": 1920, "height": 3332, "created_at": "2019-05-27T18:56:37.013Z", "uploaded_by_user": null, "focal_point_x": null, "focal_point_y": null, "focal_point_width": null, "focal_point_height": null, "file_size": null, "file_hash": ""}}, {"model": "wagtailimages.image", "pk": 73, "fields": {"collection": 2, "title": "57a6dd76189923.5c765a74eb254.png", "file": "original_images/57a6dd76189923.5c765a74eb254.png", "width": 1920, "height": 1392, "created_at": "2019-05-27T18:56:37.464Z", "uploaded_by_user": null, "focal_point_x": null, "focal_point_y": null, "focal_point_width": null, "focal_point_height": null, "file_size": null, "file_hash": ""}}, {"model": "wagtailimages.image", "pk": 74, "fields": {"collection": 2, "title": "7407c176189923.5c765a74eb4f4.png", "file": "original_images/7407c176189923.5c765a74eb4f4.png", "width": 1920, "height": 6791, "created_at": "2019-05-27T18:56:38.929Z", "uploaded_by_user": null, "focal_point_x": null, "focal_point_y": null, "focal_point_width": null, "focal_point_height": null, "file_size": null, "file_hash": ""}}, {"model": "wagtailimages.image", "pk": 75, "fields": {"collection": 2, "title": "2e61dd76189923.5c765a74eae98.png", "file": "original_images/2e61dd76189923.5c765a74eae98.png", "width": 1681, "height": 8193, "created_at": "2019-05-27T18:56:40.043Z", "uploaded_by_user": null, "focal_point_x": null, "focal_point_y": null, "focal_point_width": null, "focal_point_height": null, "file_size": null, "file_hash": ""}}, {"model": "wagtailimages.image", "pk": 76, "fields": {"collection": 2, "title": "9180d976189923.5c765a74eb962.png", "file": "original_images/9180d976189923.5c765a74eb962.png", "width": 1920, "height": 1276, "created_at": "2019-05-27T18:56:40.779Z", "uploaded_by_user": null, "focal_point_x": null, "focal_point_y": null, "focal_point_width": null, "focal_point_height": null, "file_size": null, "file_hash": ""}}, {"model": "wagtailimages.image", "pk": 77, "fields": {"collection": 2, "title": "2a2fb176137415.Y3JvcCwxNDAwLDEwOTUsMCw5Nw.png", "file": "original_images/2a2fb176137415.Y3JvcCwxNDAwLDEwOTUsMCw5Nw.png", "width": 1400, "height": 1867, "created_at": "2019-05-27T18:56:41.263Z", "uploaded_by_user": null, "focal_point_x": null, "focal_point_y": null, "focal_point_width": null, "focal_point_height": null, "file_size": null, "file_hash": ""}}, {"model": "wagtailimages.image", "pk": 78, "fields": {"collection": 2, "title": "71477276137415.5c614186ab9c5.jpg", "file": "original_images/71477276137415.5c614186ab9c5.jpg", "width": 1920, "height": 1319, "created_at": "2019-05-27T18:56:42.248Z", "uploaded_by_user": null, "focal_point_x": null, "focal_point_y": null, "focal_point_width": null, "focal_point_height": null, "file_size": null, "file_hash": ""}}, {"model": "wagtailimages.image", "pk": 79, "fields": {"collection": 2, "title": "3178c676137415.5c614186ac6c1.jpg", "file": "original_images/3178c676137415.5c614186ac6c1.jpg", "width": 1920, "height": 2061, "created_at": "2019-05-27T18:56:42.723Z", "uploaded_by_user": null, "focal_point_x": null, "focal_point_y": null, "focal_point_width": null, "focal_point_height": null, "file_size": null, "file_hash": ""}}, {"model": "wagtailimages.image", "pk": 80, "fields": {"collection": 2, "title": "304bce76137415.5c614186ab6e3.jpg", "file": "original_images/304bce76137415.5c614186ab6e3.jpg", "width": 1920, "height": 1598, "created_at": "2019-05-27T18:56:43.129Z", "uploaded_by_user": null, "focal_point_x": null, "focal_point_y": null, "focal_point_width": null, "focal_point_height": null, "file_size": null, "file_hash": ""}}, {"model": "wagtailimages.image", "pk": 81, "fields": {"collection": 2, "title": "40bc6e76137415.5c6145b6bbbb0.gif", "file": "original_images/40bc6e76137415.5c6145b6bbbb0.gif", "width": 1920, "height": 959, "created_at": "2019-05-27T18:56:43.432Z", "uploaded_by_user": null, "focal_point_x": null, "focal_point_y": null, "focal_point_width": null, "focal_point_height": null, "file_size": null, "file_hash": ""}}, {"model": "wagtailimages.image", "pk": 82, "fields": {"collection": 2, "title": "80b6d076137415.5c618b1356940.png", "file": "original_images/80b6d076137415.5c618b1356940.png", "width": 1920, "height": 2560, "created_at": "2019-05-27T18:56:43.959Z", "uploaded_by_user": null, "focal_point_x": null, "focal_point_y": null, "focal_point_width": null, "focal_point_height": null, "file_size": null, "file_hash": ""}}, {"model": "wagtailimages.image", "pk": 83, "fields": {"collection": 2, "title": "26875876137415.5c614186ac442.jpg", "file": "original_images/26875876137415.5c614186ac442.jpg", "width": 1920, "height": 2021, "created_at": "2019-05-27T18:56:44.361Z", "uploaded_by_user": null, "focal_point_x": null, "focal_point_y": null, "focal_point_width": null, "focal_point_height": null, "file_size": null, "file_hash": ""}}, {"model": "wagtailimages.image", "pk": 84, "fields": {"collection": 2, "title": "a435e176137415.5c614186abcd0.jpg", "file": "original_images/a435e176137415.5c614186abcd0.jpg", "width": 1920, "height": 1457, "created_at": "2019-05-27T18:56:45.706Z", "uploaded_by_user": null, "focal_point_x": null, "focal_point_y": null, "focal_point_width": null, "focal_point_height": null, "file_size": null, "file_hash": ""}}, {"model": "wagtailimages.image", "pk": 85, "fields": {"collection": 2, "title": "3d8c8347094473.Y3JvcCwxMDgwLDg0NSwxNTcsMTQ3.jpg", "file": "original_images/3d8c8347094473.Y3JvcCwxMDgwLDg0NSwxNTcsMTQ3.jpg", "width": 1400, "height": 2852, "created_at": "2019-05-27T18:56:46.819Z", "uploaded_by_user": null, "focal_point_x": null, "focal_point_y": null, "focal_point_width": null, "focal_point_height": null, "file_size": null, "file_hash": ""}}, {"model": "wagtailimages.image", "pk": 86, "fields": {"collection": 2, "title": "3e28bb47094473.5c6184e7adcce.png", "file": "original_images/3e28bb47094473.5c6184e7adcce.png", "width": 1921, "height": 1231, "created_at": "2019-05-27T18:56:47.757Z", "uploaded_by_user": null, "focal_point_x": null, "focal_point_y": null, "focal_point_width": null, "focal_point_height": null, "file_size": null, "file_hash": ""}}, {"model": "wagtailimages.image", "pk": 87, "fields": {"collection": 2, "title": "02cc5b47094473.586fd4595e76e.jpg", "file": "original_images/02cc5b47094473.586fd4595e76e.jpg", "width": 1706, "height": 1297, "created_at": "2019-05-27T18:56:48.437Z", "uploaded_by_user": null, "focal_point_x": null, "focal_point_y": null, "focal_point_width": null, "focal_point_height": null, "file_size": null, "file_hash": ""}}, {"model": "wagtailimages.image", "pk": 88, "fields": {"collection": 2, "title": "58b8d647094473.586fd4595ed5b.jpg", "file": "original_images/58b8d647094473.586fd4595ed5b.jpg", "width": 1706, "height": 907, "created_at": "2019-05-27T18:56:49.281Z", "uploaded_by_user": null, "focal_point_x": null, "focal_point_y": null, "focal_point_width": null, "focal_point_height": null, "file_size": null, "file_hash": ""}}, {"model": "wagtailimages.image", "pk": 89, "fields": {"collection": 2, "title": "9762a347094473.586fd4595f4a2.jpg", "file": "original_images/9762a347094473.586fd4595f4a2.jpg", "width": 1706, "height": 1393, "created_at": "2019-05-27T18:56:50.333Z", "uploaded_by_user": null, "focal_point_x": null, "focal_point_y": null, "focal_point_width": null, "focal_point_height": null, "file_size": null, "file_hash": ""}}, {"model": "wagtailimages.image", "pk": 90, "fields": {"collection": 2, "title": "205e6d47094473.586fd4595fa7d.jpg", "file": "original_images/205e6d47094473.586fd4595fa7d.jpg", "width": 1706, "height": 845, "created_at": "2019-05-27T18:56:50.683Z", "uploaded_by_user": null, "focal_point_x": null, "focal_point_y": null, "focal_point_width": null, "focal_point_height": null, "file_size": null, "file_hash": ""}}, {"model": "wagtailimages.image", "pk": 91, "fields": {"collection": 2, "title": "80fb9347094473.586fd4595ffe0.jpg", "file": "original_images/80fb9347094473.586fd4595ffe0.jpg", "width": 1706, "height": 3475, "created_at": "2019-05-27T18:56:51.478Z", "uploaded_by_user": null, "focal_point_x": null, "focal_point_y": null, "focal_point_width": null, "focal_point_height": null, "file_size": null, "file_hash": ""}}, {"model": "wagtailimages.image", "pk": 92, "fields": {"collection": 2, "title": "a06d7547094473.586fd459604df.jpg", "file": "original_images/a06d7547094473.586fd459604df.jpg", "width": 1706, "height": 1298, "created_at": "2019-05-27T18:56:52.118Z", "uploaded_by_user": null, "focal_point_x": null, "focal_point_y": null, "focal_point_width": null, "focal_point_height": null, "file_size": null, "file_hash": ""}}, {"model": "wagtailimages.image", "pk": 93, "fields": {"collection": 2, "title": "b981e647094473.586fd459609cb.jpg", "file": "original_images/b981e647094473.586fd459609cb.jpg", "width": 1706, "height": 862, "created_at": "2019-05-27T18:56:52.603Z", "uploaded_by_user": null, "focal_point_x": null, "focal_point_y": null, "focal_point_width": null, "focal_point_height": null, "file_size": null, "file_hash": ""}}, {"model": "wagtailimages.image", "pk": 94, "fields": {"collection": 2, "title": "17b63544051513.Y3JvcCw5OTksNzgyLDAsMA.jpeg", "file": "original_images/17b63544051513.Y3JvcCw5OTksNzgyLDAsMA.jpeg", "width": 1000, "height": 782, "created_at": "2019-05-27T18:56:53.034Z", "uploaded_by_user": null, "focal_point_x": null, "focal_point_y": null, "focal_point_width": null, "focal_point_height": null, "file_size": null, "file_hash": ""}}, {"model": "wagtailimages.image", "pk": 95, "fields": {"collection": 2, "title": "0f76e244051513.5c6169a06f165.png", "file": "original_images/0f76e244051513.5c6169a06f165.png", "width": 1921, "height": 1231, "created_at": "2019-05-27T18:56:53.989Z", "uploaded_by_user": null, "focal_point_x": null, "focal_point_y": null, "focal_point_width": null, "focal_point_height": null, "file_size": null, "file_hash": ""}}, {"model": "wagtailimages.image", "pk": 96, "fields": {"collection": 2, "title": "1a444c44051513.5806426d9f3a8.jpg", "file": "original_images/1a444c44051513.5806426d9f3a8.jpg", "width": 1400, "height": 740, "created_at": "2019-05-27T18:56:54.489Z", "uploaded_by_user": null, "focal_point_x": null, "focal_point_y": null, "focal_point_width": null, "focal_point_height": null, "file_size": null, "file_hash": ""}}, {"model": "wagtailimages.image", "pk": 97, "fields": {"collection": 2, "title": "d5952c44051513.5806426d9fb0b.jpg", "file": "original_images/d5952c44051513.5806426d9fb0b.jpg", "width": 1400, "height": 1268, "created_at": "2019-05-27T18:56:55.250Z", "uploaded_by_user": null, "focal_point_x": null, "focal_point_y": null, "focal_point_width": null, "focal_point_height": null, "file_size": null, "file_hash": ""}}, {"model": "wagtailimages.image", "pk": 98, "fields": {"collection": 2, "title": "9331c044051513.5806426da015b.jpg", "file": "original_images/9331c044051513.5806426da015b.jpg", "width": 1400, "height": 870, "created_at": "2019-05-27T18:56:55.719Z", "uploaded_by_user": null, "focal_point_x": null, "focal_point_y": null, "focal_point_width": null, "focal_point_height": null, "file_size": null, "file_hash": ""}}, {"model": "wagtailimages.image", "pk": 99, "fields": {"collection": 2, "title": "4f77bc44051513.5806426da0905.jpg", "file": "original_images/4f77bc44051513.5806426da0905.jpg", "width": 1400, "height": 1711, "created_at": "2019-05-27T18:56:56.921Z", "uploaded_by_user": null, "focal_point_x": null, "focal_point_y": null, "focal_point_width": null, "focal_point_height": null, "file_size": null, "file_hash": ""}}, {"model": "wagtailimages.image", "pk": 100, "fields": {"collection": 2, "title": "34019044051513.5806426da1286.jpg", "file": "original_images/34019044051513.5806426da1286.jpg", "width": 1400, "height": 463, "created_at": "2019-05-27T18:56:57.344Z", "uploaded_by_user": null, "focal_point_x": null, "focal_point_y": null, "focal_point_width": null, "focal_point_height": null, "file_size": null, "file_hash": ""}}, {"model": "wagtailimages.image", "pk": 101, "fields": {"collection": 2, "title": "f70c5744051513.5806426da18de.jpg", "file": "original_images/f70c5744051513.5806426da18de.jpg", "width": 1400, "height": 905, "created_at": "2019-05-27T18:56:57.809Z", "uploaded_by_user": null, "focal_point_x": null, "focal_point_y": null, "focal_point_width": null, "focal_point_height": null, "file_size": null, "file_hash": ""}}, {"model": "wagtailimages.image", "pk": 102, "fields": {"collection": 2, "title": "bf6f8344051513.5806426da1e60.jpg", "file": "original_images/bf6f8344051513.5806426da1e60.jpg", "width": 1400, "height": 1139, "created_at": "2019-05-27T18:56:58.285Z", "uploaded_by_user": null, "focal_point_x": null, "focal_point_y": null, "focal_point_width": null, "focal_point_height": null, "file_size": null, "file_hash": ""}}, {"model": "wagtailimages.image", "pk": 103, "fields": {"collection": 2, "title": "986d6644051513.5806426da23f7.jpg", "file": "original_images/986d6644051513.5806426da23f7.jpg", "width": 1400, "height": 2037, "created_at": "2019-05-27T18:56:58.993Z", "uploaded_by_user": null, "focal_point_x": null, "focal_point_y": null, "focal_point_width": null, "focal_point_height": null, "file_size": null, "file_hash": ""}}, {"model": "wagtailimages.image", "pk": 104, "fields": {"collection": 2, "title": "f77a5844051513.5806426da2a3d.jpg", "file": "original_images/f77a5844051513.5806426da2a3d.jpg", "width": 1400, "height": 1662, "created_at": "2019-05-27T18:56:59.914Z", "uploaded_by_user": null, "focal_point_x": null, "focal_point_y": null, "focal_point_width": null, "focal_point_height": null, "file_size": null, "file_hash": ""}}, {"model": "wagtailimages.image", "pk": 105, "fields": {"collection": 2, "title": "c80b7a44051943.Y3JvcCwxMDk0LDg1NSwxMjEsODY.jpg", "file": "original_images/c80b7a44051943.Y3JvcCwxMDk0LDg1NSwxMjEsODY.jpg", "width": 1400, "height": 1030, "created_at": "2019-05-27T18:57:00.417Z", "uploaded_by_user": null, "focal_point_x": null, "focal_point_y": null, "focal_point_width": null, "focal_point_height": null, "file_size": null, "file_hash": ""}}, {"model": "wagtailimages.image", "pk": 106, "fields": {"collection": 2, "title": "00bf1a44051943.5c6167cbdf084.jpg", "file": "original_images/00bf1a44051943.5c6167cbdf084.jpg", "width": 1921, "height": 1231, "created_at": "2019-05-27T18:57:01.532Z", "uploaded_by_user": null, "focal_point_x": null, "focal_point_y": null, "focal_point_width": null, "focal_point_height": null, "file_size": null, "file_hash": ""}}, {"model": "wagtailimages.image", "pk": 107, "fields": {"collection": 2, "title": "f3b2d744051943.58064469a5a0b.jpg", "file": "original_images/f3b2d744051943.58064469a5a0b.jpg", "width": 1400, "height": 1030, "created_at": "2019-05-27T18:57:01.954Z", "uploaded_by_user": null, "focal_point_x": null, "focal_point_y": null, "focal_point_width": null, "focal_point_height": null, "file_size": null, "file_hash": ""}}, {"model": "wagtailimages.image", "pk": 108, "fields": {"collection": 2, "title": "705eb044051943.58064469a60fe.jpg", "file": "original_images/705eb044051943.58064469a60fe.jpg", "width": 1400, "height": 402, "created_at": "2019-05-27T18:57:02.324Z", "uploaded_by_user": null, "focal_point_x": null, "focal_point_y": null, "focal_point_width": null, "focal_point_height": null, "file_size": null, "file_hash": ""}}, {"model": "wagtailimages.image", "pk": 109, "fields": {"collection": 2, "title": "edab0444051943.58064469a65cc.jpg", "file": "original_images/edab0444051943.58064469a65cc.jpg", "width": 1400, "height": 797, "created_at": "2019-05-27T18:57:02.766Z", "uploaded_by_user": null, "focal_point_x": null, "focal_point_y": null, "focal_point_width": null, "focal_point_height": null, "file_size": null, "file_hash": ""}}, {"model": "wagtailimages.image", "pk": 110, "fields": {"collection": 2, "title": "896a2f44051943.58064469a6d8e.jpg", "file": "original_images/896a2f44051943.58064469a6d8e.jpg", "width": 1400, "height": 1199, "created_at": "2019-05-27T18:57:03.248Z", "uploaded_by_user": null, "focal_point_x": null, "focal_point_y": null, "focal_point_width": null, "focal_point_height": null, "file_size": null, "file_hash": ""}}, {"model": "wagtailimages.image", "pk": 111, "fields": {"collection": 2, "title": "a4208d44051943.58064469a7245.jpg", "file": "original_images/a4208d44051943.58064469a7245.jpg", "width": 1400, "height": 766, "created_at": "2019-05-27T18:57:03.668Z", "uploaded_by_user": null, "focal_point_x": null, "focal_point_y": null, "focal_point_width": null, "focal_point_height": null, "file_size": null, "file_hash": ""}}, {"model": "wagtailimages.image", "pk": 112, "fields": {"collection": 2, "title": "763fbc44051943.58064469a79ff.jpg", "file": "original_images/763fbc44051943.58064469a79ff.jpg", "width": 1400, "height": 1334, "created_at": "2019-05-27T18:57:04.389Z", "uploaded_by_user": null, "focal_point_x": null, "focal_point_y": null, "focal_point_width": null, "focal_point_height": null, "file_size": null, "file_hash": ""}}, {"model": "wagtailimages.image", "pk": 113, "fields": {"collection": 2, "title": "923b2d44051943.5806a1a05acde.jpg", "file": "original_images/923b2d44051943.5806a1a05acde.jpg", "width": 1400, "height": 1388, "created_at": "2019-05-27T18:57:04.799Z", "uploaded_by_user": null, "focal_point_x": null, "focal_point_y": null, "focal_point_width": null, "focal_point_height": null, "file_size": null, "file_hash": ""}}, {"model": "wagtailimages.image", "pk": 114, "fields": {"collection": 2, "title": "7a904544050481.Y3JvcCwxMzM0LDEwNDQsMCww.jpg", "file": "original_images/7a904544050481.Y3JvcCwxMzM0LDEwNDQsMCww.jpg", "width": 1400, "height": 1044, "created_at": "2019-05-27T18:57:06.007Z", "uploaded_by_user": null, "focal_point_x": null, "focal_point_y": null, "focal_point_width": null, "focal_point_height": null, "file_size": null, "file_hash": ""}}, {"model": "wagtailimages.image", "pk": 115, "fields": {"collection": 2, "title": "94359144050481.58063c7a6d4e2.jpg", "file": "original_images/94359144050481.58063c7a6d4e2.jpg", "width": 1400, "height": 1044, "created_at": "2019-05-27T18:57:06.704Z", "uploaded_by_user": null, "focal_point_x": null, "focal_point_y": null, "focal_point_width": null, "focal_point_height": null, "file_size": null, "file_hash": ""}}, {"model": "wagtailimages.image", "pk": 116, "fields": {"collection": 2, "title": "56b31744050481.58063c7a6daf8.jpg", "file": "original_images/56b31744050481.58063c7a6daf8.jpg", "width": 1400, "height": 1174, "created_at": "2019-05-27T18:57:07.129Z", "uploaded_by_user": null, "focal_point_x": null, "focal_point_y": null, "focal_point_width": null, "focal_point_height": null, "file_size": null, "file_hash": ""}}, {"model": "wagtailimages.image", "pk": 117, "fields": {"collection": 2, "title": "7ca59d44050481.58063c7a6e171.jpg", "file": "original_images/7ca59d44050481.58063c7a6e171.jpg", "width": 1400, "height": 1952, "created_at": "2019-05-27T18:57:07.642Z", "uploaded_by_user": null, "focal_point_x": null, "focal_point_y": null, "focal_point_width": null, "focal_point_height": null, "file_size": null, "file_hash": ""}}, {"model": "wagtailimages.image", "pk": 118, "fields": {"collection": 2, "title": "85254444050481.58063c7a6e8ee.jpg", "file": "original_images/85254444050481.58063c7a6e8ee.jpg", "width": 1400, "height": 598, "created_at": "2019-05-27T18:57:08.679Z", "uploaded_by_user": null, "focal_point_x": null, "focal_point_y": null, "focal_point_width": null, "focal_point_height": null, "file_size": null, "file_hash": ""}}, {"model": "wagtailimages.image", "pk": 119, "fields": {"collection": 2, "title": "6fb8ad44050481.58063c7a6ef36.jpg", "file": "original_images/6fb8ad44050481.58063c7a6ef36.jpg", "width": 1400, "height": 428, "created_at": "2019-05-27T18:57:09.029Z", "uploaded_by_user": null, "focal_point_x": null, "focal_point_y": null, "focal_point_width": null, "focal_point_height": null, "file_size": null, "file_hash": ""}}, {"model": "wagtailimages.image", "pk": 120, "fields": {"collection": 2, "title": "79777f44050481.58063c7a6f512.jpg", "file": "original_images/79777f44050481.58063c7a6f512.jpg", "width": 1400, "height": 2491, "created_at": "2019-05-27T18:57:10.136Z", "uploaded_by_user": null, "focal_point_x": null, "focal_point_y": null, "focal_point_width": null, "focal_point_height": null, "file_size": null, "file_hash": ""}}, {"model": "wagtailimages.image", "pk": 121, "fields": {"collection": 2, "title": "2d85ea44050481.58063c7a6fc2f.jpg", "file": "original_images/2d85ea44050481.58063c7a6fc2f.jpg", "width": 1400, "height": 865, "created_at": "2019-05-27T18:57:11.143Z", "uploaded_by_user": null, "focal_point_x": null, "focal_point_y": null, "focal_point_width": null, "focal_point_height": null, "file_size": null, "file_hash": ""}}, {"model": "wagtailimages.image", "pk": 122, "fields": {"collection": 2, "title": "50192a44050481.58063c7a70116.jpg", "file": "original_images/50192a44050481.58063c7a70116.jpg", "width": 1400, "height": 348, "created_at": "2019-05-27T18:57:11.542Z", "uploaded_by_user": null, "focal_point_x": null, "focal_point_y": null, "focal_point_width": null, "focal_point_height": null, "file_size": null, "file_hash": ""}}, {"model": "wagtailimages.image", "pk": 123, "fields": {"collection": 2, "title": "c58cbe44423851.Y3JvcCwxMzU5LDEwNjIsMzcsMTM.jpg", "file": "original_images/c58cbe44423851.Y3JvcCwxMzU5LDEwNjIsMzcsMTM.jpg", "width": 1400, "height": 1089, "created_at": "2019-05-27T18:57:11.964Z", "uploaded_by_user": null, "focal_point_x": null, "focal_point_y": null, "focal_point_width": null, "focal_point_height": null, "file_size": null, "file_hash": ""}}, {"model": "wagtailimages.image", "pk": 124, "fields": {"collection": 2, "title": "1df1fe44423851.5c61877a952bb.png", "file": "original_images/1df1fe44423851.5c61877a952bb.png", "width": 1921, "height": 1231, "created_at": "2019-05-27T18:57:12.698Z", "uploaded_by_user": null, "focal_point_x": null, "focal_point_y": null, "focal_point_width": null, "focal_point_height": null, "file_size": null, "file_hash": ""}}, {"model": "wagtailimages.image", "pk": 125, "fields": {"collection": 2, "title": "f4074044423851.58121be8eccb4.jpg", "file": "original_images/f4074044423851.58121be8eccb4.jpg", "width": 1400, "height": 919, "created_at": "2019-05-27T18:57:13.235Z", "uploaded_by_user": null, "focal_point_x": null, "focal_point_y": null, "focal_point_width": null, "focal_point_height": null, "file_size": null, "file_hash": ""}}, {"model": "wagtailimages.image", "pk": 126, "fields": {"collection": 2, "title": "ef850244423851.58121be8ed6d8.jpg", "file": "original_images/ef850244423851.58121be8ed6d8.jpg", "width": 1400, "height": 1089, "created_at": "2019-05-27T18:57:14.817Z", "uploaded_by_user": null, "focal_point_x": null, "focal_point_y": null, "focal_point_width": null, "focal_point_height": null, "file_size": null, "file_hash": ""}}, {"model": "wagtailimages.image", "pk": 127, "fields": {"collection": 2, "title": "a225d344423851.58121be8edd53.jpg", "file": "original_images/a225d344423851.58121be8edd53.jpg", "width": 1400, "height": 1655, "created_at": "2019-05-27T18:57:15.556Z", "uploaded_by_user": null, "focal_point_x": null, "focal_point_y": null, "focal_point_width": null, "focal_point_height": null, "file_size": null, "file_hash": ""}}, {"model": "wagtailimages.image", "pk": 128, "fields": {"collection": 2, "title": "94d43d44423851.58121be8ee618.jpg", "file": "original_images/94d43d44423851.58121be8ee618.jpg", "width": 1400, "height": 663, "created_at": "2019-05-27T18:57:16.466Z", "uploaded_by_user": null, "focal_point_x": null, "focal_point_y": null, "focal_point_width": null, "focal_point_height": null, "file_size": null, "file_hash": ""}}, {"model": "wagtailimages.image", "pk": 129, "fields": {"collection": 2, "title": "bb1dcc44423851.58121be8eec57.jpg", "file": "original_images/bb1dcc44423851.58121be8eec57.jpg", "width": 1400, "height": 730, "created_at": "2019-05-27T18:57:16.875Z", "uploaded_by_user": null, "focal_point_x": null, "focal_point_y": null, "focal_point_width": null, "focal_point_height": null, "file_size": null, "file_hash": ""}}, {"model": "wagtailimages.image", "pk": 130, "fields": {"collection": 2, "title": "ffb25c44423851.58121be8ef1c8.jpg", "file": "original_images/ffb25c44423851.58121be8ef1c8.jpg", "width": 1400, "height": 1511, "created_at": "2019-05-27T18:57:17.488Z", "uploaded_by_user": null, "focal_point_x": null, "focal_point_y": null, "focal_point_width": null, "focal_point_height": null, "file_size": null, "file_hash": ""}}, {"model": "wagtailimages.image", "pk": 131, "fields": {"collection": 2, "title": "e377a344423851.58121be8ef6ed.jpg", "file": "original_images/e377a344423851.58121be8ef6ed.jpg", "width": 1400, "height": 1619, "created_at": "2019-05-27T18:57:17.965Z", "uploaded_by_user": null, "focal_point_x": null, "focal_point_y": null, "focal_point_width": null, "focal_point_height": null, "file_size": null, "file_hash": ""}}, {"model": "wagtailimages.image", "pk": 132, "fields": {"collection": 2, "title": "bef2ec44423851.58121be8efd17.jpg", "file": "original_images/bef2ec44423851.58121be8efd17.jpg", "width": 1400, "height": 704, "created_at": "2019-05-27T18:57:18.572Z", "uploaded_by_user": null, "focal_point_x": null, "focal_point_y": null, "focal_point_width": null, "focal_point_height": null, "file_size": null, "file_hash": ""}}, {"model": "wagtailimages.image", "pk": 133, "fields": {"collection": 2, "title": "70c0b944423851.58121be8f05d0.jpg", "file": "original_images/70c0b944423851.58121be8f05d0.jpg", "width": 1400, "height": 1765, "created_at": "2019-05-27T18:57:19.793Z", "uploaded_by_user": null, "focal_point_x": null, "focal_point_y": null, "focal_point_width": null, "focal_point_height": null, "file_size": null, "file_hash": ""}}, {"model": "wagtailimages.image", "pk": 134, "fields": {"collection": 2, "title": "6ef76444423851.58121be8f0c0f.jpg", "file": "original_images/6ef76444423851.58121be8f0c0f.jpg", "width": 1400, "height": 819, "created_at": "2019-05-27T18:57:20.453Z", "uploaded_by_user": null, "focal_point_x": null, "focal_point_y": null, "focal_point_width": null, "focal_point_height": null, "file_size": null, "file_hash": ""}}, {"model": "wagtailimages.image", "pk": 135, "fields": {"collection": 2, "title": "b85c3644423851.58121be8f122d.jpg", "file": "original_images/b85c3644423851.58121be8f122d.jpg", "width": 1400, "height": 860, "created_at": "2019-05-27T18:57:21.082Z", "uploaded_by_user": null, "focal_point_x": null, "focal_point_y": null, "focal_point_width": null, "focal_point_height": null, "file_size": null, "file_hash": ""}}, {"model": "wagtailimages.image", "pk": 136, "fields": {"collection": 3, "title": "santander_rio.png", "file": "original_images/santander_rio.png", "width": 70, "height": 70, "created_at": "2019-05-28T18:06:51.995Z", "uploaded_by_user": 1, "focal_point_x": null, "focal_point_y": null, "focal_point_width": null, "focal_point_height": null, "file_size": 1741, "file_hash": "5859bf3424045354c96ebf673cd9974e016dd08f"}}, {"model": "wagtailimages.image", "pk": 137, "fields": {"collection": 1, "title": "bump-collaboration-colleagues-1068523.jpg", "file": "original_images/bump-collaboration-colleagues-1068523.jpg", "width": 3000, "height": 1962, "created_at": "2019-05-28T19:39:09.859Z", "uploaded_by_user": 1, "focal_point_x": null, "focal_point_y": null, "focal_point_width": null, "focal_point_height": null, "file_size": 1176245, "file_hash": "44d827d67610e3fc2da401a993fd774efaef8d46"}}, {"model": "wagtailimages.image", "pk": 138, "fields": {"collection": 1, "title": "year2_hero_blog_notext.f44ca8609585ba611e1277fc600f5cc1.jpg", "file": "original_images/year2_hero_blog_notext.f44ca8609585ba611e1277fc600f5cc1.jpg", "width": 1920, "height": 1080, "created_at": "2019-05-29T14:05:05.552Z", "uploaded_by_user": 1, "focal_point_x": null, "focal_point_y": null, "focal_point_width": null, "focal_point_height": null, "file_size": 350196, "file_hash": "be48a790d1fe902f5ec5516d44e47a9d13c43741"}}, {"model": "core.projectdiscoverypage", "pk": 9, "fields": {}}, {"model": "core.aboutpage", "pk": 6, "fields": {}}, {"model": "core.servicespage", "pk": 5, "fields": {}}, {"model": "core.basepage", "pk": 4, "fields": {"cover": null}}, {"model": "core.basepage", "pk": 10, "fields": {"cover": 3}}, {"model": "core.basepage", "pk": 11, "fields": {"cover": null}}, {"model": "core.basepage", "pk": 12, "fields": {"cover": 137}}, {"model": "core.basepage", "pk": 13, "fields": {"cover": 138}}, {"model": "core.basepage", "pk": 14, "fields": {"cover": 137}}, {"model": "jobs.jobpage", "pk": 14, "fields": {"short_description": "stamos buscando desarrollador con habilidades de full-stack que quiera sumarse al equipo y enfrentar nuevos desaf\u00edos que realmente agreguen valor a su carrera profesional.", "content": "[{\"type\": \"title\", \"value\": {\"title\": \"Full-stack developer semi senior\"}, \"id\": \"c10a8ee5-f087-4ce0-af3a-7534b2eb00a8\"}, {\"type\": \"text_image\", \"value\": {\"image\": 137, \"caption\": \"\"}, \"id\": \"96440996-bf13-40f3-8bbe-882c6b74437d\"}, {\"type\": \"text\", \"value\": \"<p>Estamos buscando desarrollador con habilidades de full-stack que quiera sumarse al equipo y enfrentar nuevos desaf\\u00edos que realmente agreguen valor a su carrera profesional.</p><p>El rol requiere responsabilidad, proactividad, trabajo en equipo y ganas de crecer profesionalmente.</p>\", \"id\": \"ed6ed6e6-103f-47a9-8a7e-f1515e09d176\"}, {\"type\": \"subtitle\", \"value\": {\"subtitle\": \"Habilidades t\\u00e9cnicas\"}, \"id\": \"d2834c31-9db5-4f87-a363-9307e5683096\"}, {\"type\": \"text\", \"value\": \"<ul><li>Dominio de PHP (Manejo de Laravel es un plus)</li><li>Dominio de MySQL</li><li>Manejo de arquitectura MVC</li><li>Conocimientos de servicios REST</li><li>Familiarizado con el uso de herramientas como GitHub, Composer, Bower, Gulp.</li><li>CSS (sass es un plus)</li><li>HTML</li><li>Javascript</li></ul>\", \"id\": \"3b871672-ae06-4d8d-acb8-1b7afe31cfe4\"}, {\"type\": \"text\", \"value\": \"<p>Ofrecemos excelentes condiciones de contrataci\\u00f3n, remuneraci\\u00f3n y, lo m\\u00e1s importante, sabemos escuchar las expectativas personales y profesionales para construir un plan de carrera que re\\u00fana tus objetivos con los de la empresa.</p><p><b>Horario de trabajo:</b> Full time 9 a 18 hs<br/><b>Contrataci\\u00f3n Inmediata.</b><br/><b>Lugar de trabajo:</b> Oficina central de la Agencia en Villa Crespo.</p><p>Envianos tu CV + Remuneraci\\u00f3n pretendida a <a href=\\\"mailto:hunting@egoargentina.com\\\">hunting@egoargentina.com</a> ref:&quot;FullStack&quot;</p>\", \"id\": \"7c16b048-0d4b-467e-b828-22f1184ae9b8\"}]"}}, {"model": "jobs.jobslistingpage", "pk": 8, "fields": {}}, {"model": "blog.blogpage", "pk": 10, "fields": {"is_use_case": true, "short_description": "Un caso de exito sobre Santander Rio", "likes": 2357, "content": "[{\"type\": \"text\", \"value\": \"Texto sobre Santander Rio\", \"id\": \"980ab7ff-b2cb-43bc-a60a-21e4273461f0\"}]", "employees": []}}, {"model": "blog.blogpage", "pk": 12, "fields": {"is_use_case": false, "short_description": null, "likes": 940, "content": "[{\"type\": \"text\", \"value\": \"Este es un buen post\", \"id\": \"632324f4-7083-44f5-8b74-4c8aae13134b\"}]", "employees": []}}, {"model": "blog.blogpage", "pk": 13, "fields": {"is_use_case": true, "short_description": "", "likes": 964, "content": "[{\"type\": \"title\", \"value\": {\"title\": \"Rocket League\"}, \"id\": \"106edba6-fa9a-4041-8228-f840d592f114\"}, {\"type\": \"title_image\", \"value\": {\"image\": 138, \"caption\": \"Una imagen debajo del t\\u00edtulo\"}, \"id\": \"15be2770-4d06-407f-9b7a-242532c14395\"}, {\"type\": \"text\", \"value\": \"<p>Este juego tiene:</p><ul><li><a href=\\\"https://media.giphy.com/media/z5Kip8oECa8o0/giphy.gif\\\">diversion</a></li><li>buenos graficos</li><li>precio accesible</li></ul>\", \"id\": \"170c47b9-65e2-4e4a-a067-f62964112d12\"}, {\"type\": \"fw_image\", \"value\": {\"image\": 138, \"caption\": \"Esta imagen es full width\"}, \"id\": \"1f2f8d5c-67ba-46d5-b189-ed5dcc12080e\"}, {\"type\": \"subtitle\", \"value\": {\"subtitle\": \"El mejor e-sport de todos los tiempos?\"}, \"id\": \"8d9274f9-bae9-42bb-98fc-cffdb5c4dca8\"}, {\"type\": \"text\", \"value\": \"<p>Tal vez...</p>\", \"id\": \"6f8f05b9-3aad-4b54-8f4b-a1b42d311617\"}, {\"type\": \"video\", \"value\": {\"youtube_video_id\": \"KNG7r1n6Jk8\"}, \"id\": \"20fa3598-9737-47c3-963a-69a8fbf84c70\"}, {\"type\": \"quote\", \"value\": {\"text\": \"Justin! Justin! THIS IS ROCKET LEAGUE!\"}, \"id\": \"2be2a521-421e-4f30-a37c-27345ff1736f\"}, {\"type\": \"text_image\", \"value\": {\"image\": 138, \"caption\": \"Esta imagen esta adaptada a la caja\"}, \"id\": \"e190d023-b6b1-4ae3-a6a2-3a8162b7eacd\"}, {\"type\": \"project\", \"value\": {\"project\": 11}, \"id\": \"b5650c8c-494d-41e6-8c84-8be6514cc20a\"}]", "employees": [1, 6]}}, {"model": "blog.bloglistingpage", "pk": 7, "fields": {}}, {"model": "behance.behanceprojectpage", "pk": 4, "fields": {"project": 1, "featured_in_services": true}}, {"model": "behance.behanceprojectpage", "pk": 11, "fields": {"project": 4, "featured_in_services": false}}, {"model": "behance.behanceprojectlistingpage", "pk": 3, "fields": {}}, {"model": "home.homepage", "pk": 2, "fields": {"content": "[{\"type\": \"page\", \"value\": {\"page\": 10}, \"id\": \"a832fe57-7f1b-43b4-8fc0-2664f12dcfbf\"}, {\"type\": \"three_pages\", \"value\": {\"title\": \"Publicaciones destacadas\", \"page1\": 14, \"page2\": 11, \"page3\": 10}, \"id\": \"e159c01b-f21b-430d-a72d-8bf7382c0ae8\"}, {\"type\": \"page\", \"value\": {\"page\": 11}, \"id\": \"abdf665d-631e-47d5-8dda-aa3f80a62404\"}]"}}]